Administrative,Administrative_Duration,Informational,Informational_Duration,ProductRelated,ProductRelated_Duration,BounceRates,ExitRates,PageValues,SpecialDay,Month,OperatingSystems,Browser,Region,TrafficType,VisitorType,Weekend
0,-1,0,-1,1,-1,0.2,0.2,0,0,Feb,4,1,9,3,Returning_Visitor,FALSE
2,53,0,0,23,1668.285119,0.008333333,0.016312636,0,0,Feb,1,1,9,3,Returning_Visitor,FALSE
0,0,0,0,2,32,0,0.1,0,0,Feb,2,2,1,3,Returning_Visitor,FALSE
0,0,0,0,20,2981.166667,0,0.01,0,0,Feb,2,4,4,4,Returning_Visitor,FALSE
0,0,0,0,7,63,0.028571429,0.071428571,0,0.6,Feb,2,2,1,3,Returning_Visitor,FALSE
0,0,0,0,22,622.25,0.003030303,0.006060606,0,0.2,Feb,2,5,1,4,Returning_Visitor,FALSE
0,0,0,0,14,222.4,0.017142857,0.057142857,0,0,Feb,1,1,1,2,Returning_Visitor,FALSE
0,0,0,0,2,29,0,0.1,0,1,Feb,2,4,4,2,Returning_Visitor,TRUE
0,0,0,0,1,0,0.2,0.2,0,0.6,Feb,3,2,3,3,Returning_Visitor,FALSE
2,16,0,0,16,381.6865079,0.011764706,0.046568627,0,0.6,Feb,2,4,2,1,Returning_Visitor,FALSE
0,-1,0,-1,1,-1,0.2,0.2,0,0,Feb,2,2,4,3,Returning_Visitor,FALSE
0,0,0,0,19,620.0333333,0,0.007894737,0,0,Feb,1,1,4,2,Returning_Visitor,FALSE
0,0,0,0,6,1566.5,0.05,0.066666667,0,0.2,Feb,1,1,1,3,Returning_Visitor,FALSE
0,0,0,0,4,105,0,0.025,0,0.6,Feb,1,1,1,4,Returning_Visitor,FALSE
0,0,1,0,7,50,0.038095238,0.080952381,0,0.6,Feb,2,4,1,7,Returning_Visitor,FALSE
0,0,0,0,12,317.8333333,0,0.005555556,0,0,Feb,1,1,1,4,Returning_Visitor,TRUE
0,0,0,0,21,1146.333333,0,0.012962963,0,0.8,Feb,3,2,1,3,Returning_Visitor,FALSE
0,0,0,0,9,303.6666667,0.005555556,0.046296296,0,0,Feb,2,4,5,2,Returning_Visitor,FALSE
0,0,0,0,11,316.6666667,0,0.027272727,0,0.8,Feb,2,2,2,1,Returning_Visitor,FALSE
0,0,0,0,23,501.6666667,0.008695652,0.01884058,0,0.6,Feb,1,1,4,2,Returning_Visitor,FALSE
0,0,0,0,3,55,0.066666667,0.1,0,0.6,Feb,1,1,1,3,Returning_Visitor,FALSE
0,0,0,0,17,284.25,0,0.011764706,0,0,Feb,3,2,6,2,Returning_Visitor,TRUE
2,40,0,0,5,558.5,0,0.028571429,0,0,Mar,2,2,7,2,New_Visitor,TRUE
3,107,0,0,4,145.8333333,0,0.016666667,0,0,Mar,3,2,7,1,New_Visitor,FALSE
0,0,0,0,14,565.3333333,0.037619048,0.04952381,0,0,Mar,2,6,3,1,Returning_Visitor,FALSE
2,38,0,0,14,643,0,0.013333333,35.0928,0,Mar,2,2,5,1,Returning_Visitor,FALSE
0,0,0,0,19,1883.5,0.010526316,0.021052632,0,0,Mar,2,2,1,3,Returning_Visitor,FALSE
0,0,0,0,9,132,0.011111111,0.033333333,0,0,Mar,4,1,1,3,Returning_Visitor,TRUE
0,0,0,0,20,219.3333333,0,0.011666667,0,0,Mar,1,8,7,2,Returning_Visitor,FALSE
1,28,1,47,13,224.5,0,0.014285714,0,0,Mar,1,1,1,8,New_Visitor,FALSE
0,0,0,0,33,778.8166667,0,0.022424242,0,0,Mar,2,5,1,1,Returning_Visitor,FALSE
0,0,0,0,4,82.5,0,0.05,0,0,Mar,3,2,1,3,Returning_Visitor,FALSE
0,0,0,0,2,96,0,0.1,0,0,Mar,4,1,1,1,Returning_Visitor,FALSE
2,147,0,0,2,35,0,0.05,0,0,Mar,2,2,1,2,New_Visitor,FALSE
2,64,0,0,15,565.6666667,0,0.00625,0,0,Mar,2,2,1,1,New_Visitor,FALSE
0,0,0,0,24,308.8635531,0,0.028030303,0,0,Mar,2,6,2,2,Returning_Visitor,FALSE
0,0,0,0,2,12,0,0.1,0,0,Mar,1,1,5,3,Returning_Visitor,FALSE
0,0,0,0,3,8,0.066666667,0.133333333,0,0,Mar,2,4,1,3,Returning_Visitor,FALSE
1,17,0,0,22,399.8,0.019047619,0.038095238,0,0,Mar,1,5,7,1,Returning_Visitor,FALSE
0,0,0,0,3,103,0,0.022222222,0,0,Mar,1,1,1,3,Returning_Visitor,TRUE
2,74,0,0,13,429,0.013333333,0.040444444,0,0,Mar,2,4,3,6,Returning_Visitor,FALSE
0,0,0,0,41,1546.5,0,0.008333333,0,0,Mar,3,2,1,1,Returning_Visitor,TRUE
0,0,0,0,12,358.0666667,0,0.025,0,0,Mar,3,3,2,1,Returning_Visitor,FALSE
1,5.5,0,0,22,339.25,0,0.026984127,0,0,Mar,2,2,2,3,Returning_Visitor,FALSE
1,8.5,0,0,30,659.2,0,0.006451613,0,0,Mar,2,2,3,3,New_Visitor,TRUE
0,0,0,0,1,0,0.2,0.2,0,0,Mar,2,2,4,1,Returning_Visitor,FALSE
0,0,0,0,20,1985,0.03,0.055,0,0,Mar,1,1,1,1,Returning_Visitor,FALSE
0,0,0,0,30,632.5833333,0,0.021666667,0,0,Mar,2,5,1,1,Returning_Visitor,FALSE
13,315.9666667,1,0,15,406.575,0.019047619,0.032380952,0,0,Mar,3,2,3,2,Returning_Visitor,FALSE
0,0,0,0,1,10,0,0.1,0,0,Mar,3,2,3,9,Returning_Visitor,TRUE
0,0,0,0,11,919,0,0.027272727,0,0,Mar,2,6,2,3,Returning_Visitor,FALSE
18,280.95,6,762.5,79,2096.911364,0.003333333,0.014008551,25.96702005,0,Mar,2,4,2,2,Returning_Visitor,FALSE
2,8,0,0,11,543.5,0.007692308,0.038461538,0,0,Mar,2,2,3,13,Returning_Visitor,FALSE
1,7,0,0,4,45,0,0.0125,0,0,Mar,3,2,3,1,Returning_Visitor,FALSE
0,0,0,0,80,801.802381,0,0.0035,0,0,Mar,2,2,3,1,Returning_Visitor,FALSE
0,0,1,15,25,1235.65,0.041666667,0.05327381,0,0,Mar,1,1,1,3,Returning_Visitor,TRUE
0,0,0,0,1,0,0.2,0.2,0,0,Mar,2,2,1,1,Returning_Visitor,FALSE
1,18.5,0,0,12,208,0.045454545,0.081818182,0,0,Mar,2,2,4,1,Returning_Visitor,FALSE
4,76,0,0,39,1936.55,0.004761905,0.023809524,5.51397619,0,Mar,4,1,3,2,Returning_Visitor,FALSE
0,0,0,0,11,125,0.018181818,0.081818182,0,0,Mar,2,2,1,13,Returning_Visitor,FALSE
0,0,0,0,16,371.5,0.0125,0.025,0,0,Mar,2,5,7,1,Returning_Visitor,FALSE
3,187,2,41,48,1769.697383,0.000606061,0.011616162,16.71534488,0,Mar,2,2,3,2,Returning_Visitor,FALSE
8,166.2,5,371,23,626.2213675,0.004444444,0.008888889,0,0,Mar,1,1,8,3,Returning_Visitor,FALSE
0,0,0,0,27,1070.461905,0,0.007407407,57.7293604,0,Mar,2,2,3,2,Returning_Visitor,FALSE
0,-1,0,-1,1,-1,0.2,0.2,0,0,Mar,3,2,3,3,Returning_Visitor,FALSE
0,0,0,0,15,695.4,0.014285714,0.028571429,0,0,Mar,2,2,2,1,Returning_Visitor,FALSE
2,64,0,0,19,371.2272727,0.001666667,0.029166667,0,0,Mar,2,4,9,10,Returning_Visitor,FALSE
0,0,0,0,2,56,0,0.1,0,0,Mar,3,2,1,1,Returning_Visitor,FALSE
1,19.66666667,0,0,14,512.1111111,0.028571429,0.03,0,0,Mar,3,2,3,9,Returning_Visitor,TRUE
0,0,0,0,8,128.5,0,0.025,0,0,Mar,2,2,1,1,Returning_Visitor,FALSE
5,175.2307692,0,0,20,2224.85,0.004347826,0.023913043,0,0,Mar,4,2,8,1,Returning_Visitor,FALSE
0,0,0,0,1,0,0.2,0.2,0,0,Mar,1,1,2,1,Returning_Visitor,FALSE
2,41.5,2,60.5,21,534.5,0.004347826,0.02173913,0,0,Mar,2,2,2,13,Returning_Visitor,TRUE
3,12,1,24,3,5.333333333,0.033333333,0.083333333,0,0,Mar,2,2,1,3,Returning_Visitor,FALSE
2,44,0,0,26,1636.016667,0.007692308,0.021794872,0,0,Mar,2,6,1,1,Returning_Visitor,FALSE
7,159.3333333,0,0,24,520.6666667,0,0.006666667,0,0,Mar,2,10,4,3,New_Visitor,TRUE
3,16.33333333,0,0,23,505.5833333,0.008,0.03,9.15008,0,Mar,4,1,1,2,Returning_Visitor,FALSE
0,0,0,0,8,142,0,0.05,0,0,Mar,2,7,2,3,Returning_Visitor,FALSE
3,281,0,0,6,145,0,0.025,0,0,Mar,3,2,8,8,New_Visitor,FALSE
1,0,0,0,17,684.9166667,0.015686275,0.049411765,0,0,Mar,2,6,4,1,Returning_Visitor,TRUE
0,0,0,0,8,186.5,0,0.025,0,0,Mar,2,2,3,3,Returning_Visitor,TRUE
0,0,0,0,4,1111,0,0.05,0,0,Mar,4,5,1,1,Returning_Visitor,FALSE
2,115,0,0,5,36,0,0.033333333,0,0,Mar,1,1,3,11,Returning_Visitor,FALSE
0,0,0,0,7,182,0.028571429,0.071428571,0,0,Mar,3,2,1,13,Returning_Visitor,TRUE
4,81.5,0,0,12,223.5833333,0,0.002666667,0,0,Mar,1,1,1,3,Returning_Visitor,FALSE
7,201.5,0,0,17,750.1666667,0,0.005555556,0,0,Mar,3,2,4,2,Returning_Visitor,FALSE
0,0,0,0,2,13,0.1,0.1,0,0,Mar,1,1,2,1,Returning_Visitor,TRUE
5,179.5,0,0,36,1792.8,0,0.004390244,0,0,Mar,2,2,3,10,Returning_Visitor,FALSE
9,311.9166667,0,0,40,633.4,0.002272727,0.017954545,0,0,Mar,2,2,1,3,Returning_Visitor,FALSE
0,0,0,0,24,778.1666667,0,0.0125,0,0,Mar,2,2,1,2,Returning_Visitor,FALSE
0,0,0,0,12,402.1666667,0.041666667,0.065,0,0,Mar,3,2,2,1,Returning_Visitor,FALSE
3,35,0,0,16,352,0,0.011764706,0,0,Mar,2,2,2,1,Returning_Visitor,FALSE
0,0,0,0,15,751.8,0.026666667,0.04,0,0,Mar,1,2,2,1,Returning_Visitor,FALSE
0,0,0,0,3,52,0,0.066666667,0,0,Mar,2,5,8,3,Returning_Visitor,TRUE
3,150,0,0,12,271.3333333,0,0.014285714,0,0,Mar,1,1,4,2,New_Visitor,FALSE
0,0,0,0,2,11,0,0.1,0,0,Mar,4,2,2,10,Returning_Visitor,FALSE
2,47,0,0,17,411.625,0,0.023529412,0,0,Mar,2,2,4,3,Returning_Visitor,FALSE
0,0,0,0,1,0,0.2,0.2,0,0,Mar,2,2,1,1,Returning_Visitor,FALSE
11,247.3333333,2,369,90,7221,0.001030928,0.003917526,13.46406308,0,Mar,2,2,3,8,Returning_Visitor,FALSE
5,267.5,0,0,5,62.5,0.022222222,0.044444444,0,0,Mar,2,2,2,3,New_Visitor,TRUE
0,0,0,0,8,157.5714286,0,0.025,0,0,Mar,3,2,2,3,Returning_Visitor,FALSE
0,0,0,0,9,329,0.022222222,0.044444444,0,0,Mar,2,2,3,1,Returning_Visitor,FALSE
3,26,0,0,19,576.0833333,0.009090909,0.018181818,30.65045455,0,Mar,2,2,2,1,Returning_Visitor,TRUE
1,123,0,0,7,181.5,0,0.025,64.7325,0,Mar,2,2,1,2,New_Visitor,TRUE
0,0,0,0,1,0,0.2,0.2,0,0,Mar,2,2,2,1,Returning_Visitor,FALSE
0,0,0,0,1,36,0,0.066666667,0,0,Mar,3,2,6,2,Returning_Visitor,TRUE
4,177.1666667,0,0,50,1188.566667,0.007843137,0.018300654,0,0,Mar,2,2,3,3,Returning_Visitor,FALSE
0,0,1,36.33333333,38,1663.683333,0.005405405,0.022972973,0,0,Mar,2,2,4,1,Returning_Visitor,FALSE
0,0,0,0,21,1003,0,0.008333333,0,0,Mar,2,4,1,1,Returning_Visitor,FALSE
0,0,0,0,37,1229.766667,0.005405405,0.014414414,0,0,Mar,2,2,1,3,Returning_Visitor,TRUE
5,159,0,0,17,438.4333333,0.003030303,0.027272727,0,0,Mar,1,1,3,3,Returning_Visitor,FALSE
10,231,1,8,104,3486.690476,0.003301887,0.013104972,0,0,Mar,2,10,1,1,Returning_Visitor,TRUE
3,80.42857143,0,0,61,5900.351378,0,0.007213115,0,0,Mar,3,2,3,10,Returning_Visitor,FALSE
1,19,0,0,13,748.6666667,0,0.020512821,0,0,Mar,1,2,6,3,Returning_Visitor,FALSE
0,0,0,0,1,0,0.2,0.2,0,0,Mar,1,1,1,9,Returning_Visitor,TRUE
0,0,1,37,15,497.3333333,0.0125,0.0375,0,0,Mar,1,1,2,1,Returning_Visitor,FALSE
1,0,0,0,8,192.1666667,0,0.025,0,0,Mar,1,1,9,9,Returning_Visitor,TRUE
0,0,0,0,1,0,0.2,0.2,0,0,Mar,2,2,1,3,Returning_Visitor,FALSE
0,0,0,0,3,79.5,0,0.033333333,0,0,Mar,3,2,2,2,Returning_Visitor,FALSE
3,39,0,0,30,940.8333333,0.012121212,0.024242424,0,0,Mar,1,8,3,3,Returning_Visitor,FALSE
0,0,0,0,12,468,0.016666667,0.033333333,0,0,Mar,4,1,4,3,Returning_Visitor,FALSE
4,84,0,0,35,1059,0,0.005882353,0,0,Mar,2,2,3,2,New_Visitor,FALSE
11,281.6309524,0,0,54,923.6757353,0,0.012261867,5.150663602,0,Mar,1,1,7,2,Returning_Visitor,FALSE
0,0,0,0,26,648.4,0,0.018,0,0,Mar,1,1,1,3,Returning_Visitor,TRUE
3,31.33333333,0,0,33,1077.869048,0.0015625,0.01953125,0,0,Mar,3,2,6,2,Returning_Visitor,FALSE
1,42,2,80.5,46,838.6833333,0,0.015416667,0,0,Mar,2,2,1,10,Returning_Visitor,FALSE
5,36.33333333,3,53,22,406,0.002564103,0.013461538,0,0,Mar,4,1,1,1,Returning_Visitor,FALSE
0,0,0,0,6,546,0,0.04,35.49,0,Mar,2,2,3,1,Returning_Visitor,FALSE
0,0,0,0,18,1473.333333,0.011111111,0.044444444,0,0,Mar,1,1,1,2,Returning_Visitor,FALSE
5,487.5,0,0,11,500,0,0.015384615,0,0,Mar,1,8,1,11,New_Visitor,FALSE
5,376.8,3,105.6666667,6,441.4666667,0,0.003333333,0,0,Mar,2,2,1,1,Returning_Visitor,FALSE
6,136.5555556,0,0,59,3224.819084,0.002985075,0.011923715,8.567426866,0,Mar,2,4,2,2,Returning_Visitor,TRUE
0,0,0,0,11,419.75,0,0.006060606,0,0,Mar,2,2,6,1,Returning_Visitor,FALSE
0,0,0,0,4,9,0.1,0.15,0,0,Mar,3,2,3,1,Returning_Visitor,FALSE
0,0,0,0,3,8,0,0.066666667,0,0,Mar,2,2,6,1,Returning_Visitor,FALSE
3,960,0,0,10,1218,0,0.018181818,0,0,Mar,2,5,1,2,New_Visitor,FALSE
0,0,0,0,5,210,0.12,0.16,0,0,Mar,1,10,1,1,Returning_Visitor,FALSE
1,69,0,0,8,423,0,0.025,28.05094335,0,Mar,2,4,1,8,New_Visitor,FALSE
1,7,7,141,25,1644,0.002150538,0.018817204,0,0,Mar,2,4,1,10,Returning_Visitor,FALSE
0,0,0,0,8,158.5,0,0.05,0,0,Mar,1,1,1,3,Returning_Visitor,TRUE
0,0,0,0,24,854.3333333,0,0.008333333,0,0,Mar,4,1,1,10,Returning_Visitor,FALSE
0,0,0,0,10,300,0,0.05,0,0,Mar,2,2,1,1,Returning_Visitor,FALSE
1,22,0,0,21,678.2738095,0,0.012878788,0,0,Mar,3,2,1,2,New_Visitor,FALSE
0,0,0,0,4,34,0.1,0.15,0,0,Mar,3,2,6,1,Returning_Visitor,FALSE
0,0,0,0,4,233,0.05,0.075,0,0,Mar,2,4,2,1,Returning_Visitor,FALSE
2,117,0,0,13,309.9333333,0,0.013333333,0,0,Mar,2,2,2,2,New_Visitor,FALSE
0,0,0,0,7,55,0.057142857,0.114285714,0,0,Mar,2,2,1,1,Returning_Visitor,FALSE
2,75,0,0,14,851,0,0.014285714,22.88908649,0,Mar,1,1,1,2,New_Visitor,TRUE
2,94,0,0,25,893.1,0,0.009615385,0,0,Mar,2,4,4,1,Returning_Visitor,FALSE
0,0,0,0,7,147.25,0.028571429,0.045714286,0,0,Mar,1,1,6,3,Returning_Visitor,FALSE
0,0,0,0,3,183,0,0.066666667,0,0,Mar,1,1,1,1,Returning_Visitor,TRUE
1,0,1,60.5,46,1038.916667,0.021276596,0.039007092,13.10326241,0,Mar,2,2,6,1,Returning_Visitor,FALSE
0,0,0,0,12,249.5,0.005555556,0.025,0,0,Mar,2,7,7,1,Returning_Visitor,FALSE
5,102.5333333,0,0,74,2396.690316,0.002699055,0.020349845,15.03328131,0,Mar,2,5,6,1,Returning_Visitor,FALSE
3,31.5,0,0,13,956.5,0,0.04,0,0,Mar,2,2,1,13,Returning_Visitor,FALSE
1,19,0,0,22,525.2666667,0,0.007709751,0,0,Mar,3,2,7,1,Returning_Visitor,FALSE
4,129.4166667,3,62,43,1770.625,0.004255319,0.015153664,0,0,Mar,2,5,6,2,Returning_Visitor,FALSE
0,0,0,0,1,0,0.2,0.2,0,0,Mar,2,2,7,1,Returning_Visitor,TRUE
24,876.2333333,5,625.5,34,1588.666667,0,0.013800705,0,0,Mar,2,2,5,2,Returning_Visitor,FALSE
1,95.5,0,0,7,381.5,0,0.025,0,0,Mar,1,1,3,2,Returning_Visitor,TRUE
4,52.33333333,1,239,14,337.5,0,0.011764706,0,0,Mar,2,5,1,2,Returning_Visitor,FALSE
0,0,0,0,1,0,0.2,0.2,0,0,Mar,3,2,1,3,Returning_Visitor,FALSE
0,0,0,0,13,449.6,0,0.015384615,0,0,Mar,3,2,1,10,Returning_Visitor,FALSE
2,6,0,0,42,1503.25,0.001550388,0.031007752,0,0,Mar,2,2,6,1,Returning_Visitor,FALSE
1,47.5,0,0,15,1330.3,0,0.005128205,0,0,Mar,2,4,2,10,Returning_Visitor,FALSE
2,18,0,0,30,474.5,0,0.003225806,0,0,Mar,1,1,3,2,Returning_Visitor,TRUE
0,0,0,0,21,849.8833333,0.012698413,0.032063492,0,0,Mar,1,1,1,1,Returning_Visitor,FALSE
0,0,0,0,4,538,0,0.075,0,0,Mar,1,1,4,3,Returning_Visitor,TRUE
0,0,0,0,3,190,0.033333333,0.1,0,0,Mar,2,2,4,1,Returning_Visitor,FALSE
0,0,0,0,5,218,0,0.04,0,0,Mar,2,2,1,2,Returning_Visitor,FALSE
0,0,0,0,7,362,0,0.028571429,0,0,Mar,2,2,1,1,Returning_Visitor,FALSE
0,0,0,0,9,381,0,0.025,0,0,Mar,2,2,6,2,New_Visitor,FALSE
1,41,0,0,43,1087.25,0,0.013636364,0,0,Mar,4,2,1,1,Returning_Visitor,FALSE
0,0,0,0,2,32,0,0.1,0,0,Mar,2,4,3,3,Returning_Visitor,FALSE
0,0,0,0,9,355.1666667,0,0.004166667,18.02533,0,Mar,2,4,1,2,Returning_Visitor,FALSE
0,0,0,0,8,143,0,0.0125,0,0,Mar,2,2,1,1,Returning_Visitor,FALSE
5,274.3333333,0,0,13,717.6,0,0.001960784,0,0,Mar,1,1,3,10,New_Visitor,FALSE
0,0,0,0,6,89.33333333,0,0.066666667,0,0,Mar,2,4,3,3,Returning_Visitor,FALSE
2,52,0,0,17,221.2,0,0.001754386,0,0,Mar,2,2,4,2,New_Visitor,FALSE
0,0,0,0,16,666.1,0,0.014285714,0,0,Mar,2,2,1,2,New_Visitor,FALSE
0,0,0,0,6,330,0.066666667,0.1,0,0,Mar,3,2,8,10,Returning_Visitor,FALSE
2,37,0,0,21,775.3333333,0,0.009090909,0,0,Mar,4,1,1,2,Returning_Visitor,TRUE
1,14,1,0,14,710.25,0,0.017777778,0,0,Mar,2,2,1,1,Returning_Visitor,FALSE
4,55.75,0,0,19,685.95,0,0.017724868,7.141428571,0,Mar,3,2,7,2,Returning_Visitor,TRUE
8,167,3,869,34,771.5916667,0.009090909,0.030876623,0,0,Mar,2,4,1,1,Returning_Visitor,FALSE
0,0,0,0,13,89,0.046153846,0.1,0,0,Mar,2,2,2,1,Returning_Visitor,FALSE
5,143.8333333,1,55,19,1762.5,0,0.013461538,31.54642738,0,Mar,3,2,1,2,Returning_Visitor,FALSE
0,0,0,0,7,232.6666667,0,0.014285714,0,0,Mar,2,2,6,2,Returning_Visitor,FALSE
1,40,0,0,15,839.5,0.01875,0.054166667,0,0,Mar,2,2,4,1,Returning_Visitor,FALSE
0,0,0,0,31,3888.166667,0.02,0.031111111,0,0,Mar,2,4,3,1,Returning_Visitor,FALSE
0,0,0,0,23,760.25,0,0.009090909,0,0,Mar,2,2,7,2,New_Visitor,FALSE
3,39.6,0,0,53,856.7522398,0,0.002272727,0,0,Mar,2,2,1,2,Returning_Visitor,TRUE
4,99.5,0,0,16,315.1666667,0,0.016666667,12.53314286,0,Mar,1,1,6,3,Returning_Visitor,FALSE
1,28,0,0,8,290,0,0.01,0,0,Mar,2,2,1,2,Returning_Visitor,FALSE
0,0,0,0,2,0,0.2,0.2,0,0,Mar,2,2,1,13,Returning_Visitor,FALSE
0,0,0,0,1,0,0.2,0.2,0,0,Mar,3,2,1,1,Returning_Visitor,FALSE
0,0,0,0,8,233.6666667,0.025,0.0875,0,0,Mar,2,2,3,13,Returning_Visitor,FALSE
3,43,0,0,11,610,0,0.015384615,0,0,Mar,2,4,1,1,Returning_Visitor,FALSE
1,29,1,13.5,24,1005.849206,0,0.007986111,0,0,Mar,1,1,3,3,Returning_Visitor,FALSE
7,169.5,0,0,21,484.95,0.008695652,0.037681159,0,0,Mar,1,2,2,2,Returning_Visitor,FALSE
12,765.6666667,0,0,7,634.1666667,0.015384615,0.015384615,0,0,Mar,1,2,3,2,Returning_Visitor,FALSE
0,0,0,0,2,4,0,0.1,0,0,Mar,2,2,4,1,Returning_Visitor,FALSE
2,42,0,0,29,218,0,0.003225806,0,0,Mar,2,2,1,2,Returning_Visitor,FALSE
4,22.5,0,0,15,289.85,0,0.022222222,57.96417654,0,Mar,2,2,2,3,New_Visitor,TRUE
4,50.5,3,54,41,1490.552778,0,0.006589147,0,0,Mar,2,2,1,2,Returning_Visitor,FALSE
0,0,0,0,2,134,0,0.1,0,0,Mar,3,2,7,9,Returning_Visitor,TRUE
13,241.7666667,0,0,12,255.3,0.002,0.036666667,0,0,Mar,2,2,8,2,Returning_Visitor,FALSE
2,17,0,0,7,1093,0.0375,0.1125,0,0,Mar,2,2,3,1,Returning_Visitor,FALSE
0,0,0,0,1,0,0.2,0.2,0,0,Mar,2,4,1,1,Returning_Visitor,FALSE
3,96,0,0,6,384,0,0.025,0,0,Mar,3,2,1,2,New_Visitor,FALSE
4,35.125,0,0,31,1975.458333,0,0.01,0,0,Mar,2,2,3,3,New_Visitor,TRUE
5,243.6666667,1,415,20,1267.233333,0,0.01,91.98,0,Mar,1,1,3,1,Returning_Visitor,FALSE
2,26,0,0,22,285.9880952,0,0.0125,0,0,Mar,1,1,6,8,Returning_Visitor,FALSE
5,129.5,0,0,13,1507.333333,0.016666667,0.028125,0,0,Mar,2,2,3,2,Returning_Visitor,FALSE
1,78,0,0,21,555.8944444,0,0.002380952,24.75047619,0,Mar,1,1,1,2,New_Visitor,FALSE
2,254,1,39,95,4990.959524,0.004123711,0.015307716,5.638103093,0,May,2,2,1,6,Returning_Visitor,FALSE
5,85.66666667,0,0,25,1194.5,0,0.007692308,11.51923077,0,May,2,2,1,2,New_Visitor,FALSE
3,61,0,0,79,2819.966667,0.006097561,0.024390244,0,0,May,2,2,1,13,Returning_Visitor,FALSE
0,0,0,0,5,252.5,0,0.02,0,0,May,2,2,2,2,Returning_Visitor,FALSE
0,0,0,0,4,0,0.2,0.2,0,0.6,May,3,2,4,3,Returning_Visitor,FALSE
7,89.5,0,0,26,1163.333333,0,0.009375,26.983125,0,May,3,2,3,4,New_Visitor,FALSE
3,430.8333333,1,262,49,2338.567766,0.023529412,0.028907563,9.609529412,0.6,May,3,2,4,4,Returning_Visitor,FALSE
1,7.5,0,0,19,216.1666667,0.038095238,0.058730159,0,0.6,May,2,5,1,3,Returning_Visitor,FALSE
9,357.25,3,115,45,2889.25,0,0.007,54.9759,0,May,2,2,1,4,Returning_Visitor,FALSE
0,0,0,0,16,748.4,0.014285714,0.035714286,43.19228571,0,May,2,2,3,4,Returning_Visitor,FALSE
1,0,0,0,19,867.8333333,0.015,0.028333333,0,0,May,2,2,7,6,Returning_Visitor,FALSE
0,0,0,0,1,0,0.2,0.2,0,0.4,May,1,8,7,4,Returning_Visitor,FALSE
0,0,0,0,30,986.5,0.006666667,0.023333333,0,0,May,2,4,3,3,Returning_Visitor,FALSE
6,86.2,0,0,49,3003.419048,0.010526316,0.015711501,4.376915789,0.4,May,1,1,4,4,Returning_Visitor,FALSE
0,0,0,0,2,205,0,0.05,0,0,May,3,2,1,13,Returning_Visitor,FALSE
2,36.5,0,0,11,295.9,0,0.014219114,0,0,May,3,2,9,4,Returning_Visitor,TRUE
0,0,0,0,1,0,0.2,0.2,0,0,May,1,1,6,1,Returning_Visitor,FALSE
0,0,0,0,14,258,0.164285714,0.173809524,0,0.6,May,3,2,6,13,Returning_Visitor,FALSE
0,0,0,0,43,1146.5,0.006976744,0.035271318,0,0.6,May,2,2,1,4,Returning_Visitor,FALSE
3,76.75,1,0,36,1100.916667,0.007692308,0.015262515,18.99269231,0,May,2,2,1,2,Returning_Visitor,FALSE
8,119,0,0,31,1273.875,0,0.003921569,12.63441176,0,May,2,4,1,3,New_Visitor,FALSE
0,0,0,0,13,0,0.2,0.2,0,0.8,May,3,2,2,6,Returning_Visitor,FALSE
0,0,0,0,1,0,0.2,0.2,0,0,May,1,1,1,1,Returning_Visitor,FALSE
0,0,0,0,2,59,0,0.1,0,0,May,1,2,1,6,Returning_Visitor,FALSE
7,145,0,0,7,96,0,0.013333333,0,0,May,2,2,1,4,New_Visitor,FALSE
0,0,0,0,9,265.6,0.022222222,0.048148148,0,0,May,2,4,3,4,Returning_Visitor,FALSE
0,0,0,0,6,1044,0,0.016666667,0,0,May,2,2,2,11,Returning_Visitor,FALSE
0,0,0,0,10,224,0,0.01,0,0.4,May,2,2,1,4,Returning_Visitor,FALSE
0,0,0,0,23,502.4666667,0,0.035507246,0,0.8,May,2,2,7,1,Returning_Visitor,FALSE
0,0,0,0,3,127,0,0.066666667,65.988,0,May,2,2,1,11,Returning_Visitor,FALSE
3,65.16666667,2,16,23,599.3333333,0.008333333,0.016666667,5.4945,0,May,1,8,2,11,Returning_Visitor,TRUE
9,281.75,2,144.5,116,7009.095996,0,0.011083789,4.947766276,0.8,May,6,2,2,3,Returning_Visitor,FALSE
0,0,0,0,42,2058.25,0.021138211,0.051219512,0,0.2,May,2,10,7,1,Returning_Visitor,FALSE
1,4.5,0,0,39,908.3333333,0,0.0125,33.6501,0,May,2,2,3,2,Returning_Visitor,FALSE
0,0,0,0,16,360,0,0.01875,0,0,May,2,2,2,1,Returning_Visitor,FALSE
3,45,0,0,10,579.3333333,0,0.022222222,0,0,May,1,1,2,5,New_Visitor,FALSE
5,70,0,0,61,2635.61627,0,0.003389831,0,0.6,May,1,8,1,3,Returning_Visitor,FALSE
2,90,0,0,22,650.6666667,0.026086957,0.045217391,0,0,May,2,2,4,1,Returning_Visitor,FALSE
0,0,0,0,16,462,0.0125,0.05,0,0,May,1,1,1,6,Returning_Visitor,FALSE
0,0,0,0,23,406,0.030434783,0.05942029,0,0.2,May,2,2,1,13,Returning_Visitor,FALSE
0,0,0,0,8,321,0,0.05,0,0.2,May,2,2,3,4,Returning_Visitor,FALSE
0,0,0,0,7,40,0.142857143,0.157142857,0,0.6,May,3,2,3,4,Returning_Visitor,FALSE
6,140,1,12,52,723.315873,0.001212121,0.006277056,4.504381818,0,May,3,2,4,11,Returning_Visitor,FALSE
0,0,0,0,50,998.9545455,0.0076,0.025933333,0,0.8,May,2,2,3,2,Returning_Visitor,FALSE
0,0,0,0,38,586.3333333,0.010526316,0.037593985,0,0.4,May,2,2,3,13,Returning_Visitor,FALSE
12,203.4714286,1,0,220,11308.09795,0.001699507,0.012414872,0.673127586,0.8,May,2,2,5,6,Returning_Visitor,FALSE
8,359,1,16,19,497.6666667,0.007692308,0.023076923,0,0,May,2,4,7,1,Returning_Visitor,FALSE
3,189,1,32,26,1517.9,0,0.007142857,34.34857143,0,May,2,2,7,1,New_Visitor,FALSE
8,63,0,0,36,1500.380952,0.010810811,0.01981982,14.33124324,0,May,2,2,2,4,Returning_Visitor,FALSE
2,101.5,0,0,16,692.6666667,0,0.0125,146.23875,0,May,2,2,5,2,New_Visitor,FALSE
2,100,0,0,22,639.5,0,0.008695652,101.3721739,0,May,1,1,1,4,Returning_Visitor,TRUE
0,0,0,0,18,356,0.011111111,0.038888889,0,0.2,May,3,2,3,13,Returning_Visitor,FALSE
0,0,0,0,1,0,0.2,0.2,0,0,May,2,2,3,3,Returning_Visitor,FALSE
0,0,0,0,43,813.8,0.023255814,0.03255814,0,0.6,May,2,5,1,2,Returning_Visitor,FALSE
2,48,0,0,24,543.75,0.016,0.0408,0,0.8,May,2,2,3,2,Returning_Visitor,FALSE
4,122,3,124,12,1040.333333,0,0.010526316,0,0,May,2,2,5,2,Returning_Visitor,FALSE
2,30,0,0,24,300.6666667,0.008333333,0.025,0,0,May,2,2,1,4,Returning_Visitor,FALSE
0,0,0,0,1,0,0.2,0.2,0,0,May,2,2,3,6,Returning_Visitor,FALSE
2,26,0,0,4,636,0,0.025,0,0.2,May,3,2,1,19,Returning_Visitor,FALSE
2,14,0,0,58,1806.504167,0.013793103,0.026819923,0,0.8,May,2,2,2,6,Returning_Visitor,FALSE
0,0,0,0,11,1055.5,0.018181818,0.042424242,0,0,May,2,2,8,18,Returning_Visitor,FALSE
0,0,0,0,7,59,0,0.028571429,0,0,May,2,2,2,3,Returning_Visitor,FALSE
0,0,0,0,16,680.75,0,0.014285714,0,0,May,2,2,1,2,Returning_Visitor,FALSE
1,0,0,0,19,2236.9,0,0.027777778,19.59533333,0,May,4,1,2,4,Returning_Visitor,TRUE
4,61,0,0,16,502.5,0,0.00952381,71.944,0,May,4,1,2,3,Returning_Visitor,TRUE
12,155.6,6,282,52,1283.052597,0.024747475,0.039201413,12.07468889,0,May,1,1,3,2,Returning_Visitor,FALSE
0,0,0,0,23,226.2564103,0.008695652,0.010434783,0,0.6,May,4,2,1,3,Returning_Visitor,FALSE
0,0,0,0,10,3,0.14,0.16,0,0.8,May,2,5,2,3,Returning_Visitor,FALSE
1,20,0,0,20,219.5,0.12,0.129761905,0,0.8,May,3,2,1,13,Returning_Visitor,FALSE
1,25.75,3,189.5,22,2297.801282,0.01474359,0.017435897,18.99561538,0.4,May,3,2,1,13,Returning_Visitor,FALSE
0,0,0,0,15,194.0666667,0.001904762,0.051238095,0,0,May,2,5,4,2,Returning_Visitor,FALSE
0,0,0,0,6,270.2142857,0,0.0375,0,0,May,3,2,9,2,Returning_Visitor,FALSE
4,101,0,0,14,797.3333333,0,0.003571429,0,0,May,3,2,4,4,Returning_Visitor,TRUE
4,19.5,0,0,47,483.3,0.016326531,0.033469388,5.466387755,1,May,2,2,1,6,Returning_Visitor,TRUE
0,0,0,0,16,480.3,0.0125,0.033333333,0,0,May,1,1,4,4,Returning_Visitor,TRUE
0,0,0,0,13,143,0.1,0.138461538,0,0.4,May,3,2,1,13,Returning_Visitor,FALSE
5,246.25,1,9,14,548.25,0.022222222,0.05,0,0,May,1,1,2,2,Returning_Visitor,TRUE
0,0,0,0,3,117,0.066666667,0.1,0,0,May,3,2,1,11,Returning_Visitor,FALSE
0,0,1,44,14,549.5,0,0.013333333,43.252,0.2,May,2,4,1,2,New_Visitor,FALSE
4,164,0,0,30,2136,0,0.008333333,0,0.2,May,2,2,1,2,New_Visitor,FALSE
0,0,0,0,9,953.8333333,0,0.027777778,0,0,May,2,4,4,1,Returning_Visitor,TRUE
0,0,0,0,24,674.5,0.041666667,0.0625,0,1,May,3,3,3,4,Returning_Visitor,TRUE
0,0,1,0,57,1190.548851,0.007017544,0.027309942,17.16745965,0.6,May,2,2,1,6,Returning_Visitor,FALSE
3,232.9,7,646,83,5448.994444,0.008888889,0.023535354,0,0,May,2,2,2,13,Returning_Visitor,FALSE
0,0,0,0,22,555.8666667,0.00952381,0.019047619,0,0,May,3,2,3,13,Returning_Visitor,TRUE
0,0,0,0,5,97.16666667,0,0.033333333,0,0,May,1,1,3,3,Returning_Visitor,FALSE
3,120,0,0,5,198,0,0.014285714,0,0,May,3,3,4,2,New_Visitor,TRUE
2,149.6666667,0,0,4,86.75,0,0.016666667,0,0,May,3,2,6,5,New_Visitor,FALSE
0,0,0,0,1,0,0.2,0.2,0,0,May,2,10,3,4,Returning_Visitor,TRUE
0,0,2,163,62,813.0519481,0.003225806,0.011827957,9.311854839,0,May,2,2,5,2,Returning_Visitor,TRUE
0,0,0,0,13,231.5,0.015384615,0.046153846,0,0,May,1,1,3,4,Returning_Visitor,FALSE
1,26,2,33,6,64,0,0.022222222,0,0.2,May,1,1,3,4,Returning_Visitor,FALSE
0,0,0,0,9,143,0.055555556,0.122222222,0,1,May,2,6,1,2,Returning_Visitor,TRUE
0,0,0,0,15,1861.5,0,0.026666667,0,0,May,3,3,4,3,Returning_Visitor,FALSE
0,0,0,0,9,83,0.044444444,0.066666667,0,0.6,May,2,2,1,2,Returning_Visitor,FALSE
2,7,1,0,79,3393.903571,0.017761848,0.04031012,0,1,May,2,2,1,5,Returning_Visitor,TRUE
0,0,0,0,15,183.8333333,0.066666667,0.073333333,0,0.8,May,3,2,1,3,Returning_Visitor,FALSE
0,0,0,0,47,778.7619048,0.042553191,0.051999065,0,0,May,3,2,6,15,Returning_Visitor,TRUE
3,335,0,0,6,1615,0,0.016666667,0,0.8,May,3,3,1,4,Returning_Visitor,FALSE
1,58,0,0,2,7,0,0.066666667,0,0,May,3,2,3,19,New_Visitor,TRUE
0,0,0,0,2,0,0.2,0.2,0,0,May,2,2,1,3,Returning_Visitor,FALSE
3,25.08333333,0,0,25,304.5,0,0.007407407,0,0,May,2,2,3,13,Returning_Visitor,FALSE
1,62.5,3,196,36,585.178355,0,0.001273148,0,0,May,2,2,6,4,Returning_Visitor,FALSE
3,154,2,107,58,1978.214286,0,0.000409836,0,0.6,May,2,5,3,2,New_Visitor,FALSE
0,0,0,0,12,418.3333333,0,0.004545455,0,0,May,2,4,9,5,Returning_Visitor,FALSE
1,7,0,0,26,933.3333333,0.008,0.028,1.84752,0,May,2,2,1,13,Returning_Visitor,FALSE
2,25,0,0,5,40,0.066666667,0.083333333,0,0.6,May,2,2,1,1,Returning_Visitor,FALSE
1,6,0,0,2,85,0,0.066666667,0,0,May,2,4,1,2,Returning_Visitor,FALSE
11,361.4761905,1,68,35,625.0856893,0.011149826,0.02195122,6.072158537,0,May,2,2,2,2,Returning_Visitor,TRUE
7,89.9,3,84,58,2787.25,0,0.007715618,98.04262564,0,May,2,2,1,2,Returning_Visitor,FALSE
1,27,0,0,15,1486.666667,0,0.013809524,0,0,May,1,1,1,1,Returning_Visitor,TRUE
2,32,0,0,30,1407.5,0.006451613,0.02516129,15.51193548,0,May,2,2,1,13,Returning_Visitor,FALSE
0,0,0,0,13,421.1666667,0,0.028205128,0,0.8,May,1,1,1,2,Returning_Visitor,FALSE
0,0,0,0,22,2464.9,0.003030303,0.051515152,0,0.8,May,2,2,6,1,Returning_Visitor,FALSE
0,0,0,0,8,240,0,0.028571429,58.788,0.2,May,2,2,3,2,New_Visitor,FALSE
1,32,0,0,9,455,0,0.022222222,18.65333333,0,May,2,2,8,2,Returning_Visitor,TRUE
5,90.875,1,15,58,2153.71859,0.007526882,0.012156298,3.97647235,0,May,3,2,1,2,Returning_Visitor,TRUE
0,0,0,0,2,130,0,0.05,0,0,May,4,1,1,3,Returning_Visitor,FALSE
0,0,0,0,24,485.2839744,0.004938272,0.039283154,0,1,May,2,2,2,4,Returning_Visitor,TRUE
0,0,0,0,1,0,0.2,0.2,0,0,May,2,2,2,1,Returning_Visitor,FALSE
1,255,0,0,35,1178,0.035294118,0.064705882,0,1,May,3,2,3,4,Returning_Visitor,TRUE
1,5,1,292,35,1916.9,0,0.015555556,11.19189333,0.2,May,2,10,6,3,Returning_Visitor,FALSE
0,0,1,12,57,2773.166667,0.015517241,0.050862069,8.325206897,0,May,2,2,4,6,Returning_Visitor,FALSE
2,59.5,1,20,96,5604.977381,0.004888889,0.016624762,5.344898889,0,May,2,7,1,6,Returning_Visitor,FALSE
0,0,0,0,23,363.5,0,0.013043478,0,0.8,May,2,2,2,1,Returning_Visitor,FALSE
0,0,0,0,3,0,0.166666667,0.177777778,0,0,May,3,2,3,13,Returning_Visitor,FALSE
11,100.0965368,0,0,122,6141.432139,0.013593814,0.030060022,0,0.2,May,3,2,1,1,Returning_Visitor,FALSE
0,0,0,0,91,2058.534091,0.021348315,0.038816034,0,1,May,2,2,3,13,Returning_Visitor,TRUE
0,0,0,0,3,0,0.2,0.2,0,0.6,May,3,2,1,13,Returning_Visitor,FALSE
0,0,0,0,21,1636.5,0.042857143,0.065873016,0,0.4,May,2,4,1,3,Returning_Visitor,FALSE
0,0,0,0,7,604,0,0.033333333,53.988,0,May,2,5,3,2,New_Visitor,FALSE
0,0,0,0,12,574,0.016666667,0.083333333,0,0,May,2,2,1,13,Returning_Visitor,FALSE
16,284.85,0,0,276,4758.380638,0.001034483,0.007306262,27.43209507,0,May,4,1,3,1,Returning_Visitor,TRUE
0,0,0,0,3,28,0,0.066666667,0,0,May,4,1,1,3,Returning_Visitor,FALSE
0,0,0,0,9,553,0,0.025,53.988,0,May,1,1,1,4,New_Visitor,FALSE
8,176.6666667,2,153,27,880.8,0.007291667,0.020192308,8.54525,0,May,1,1,2,2,Returning_Visitor,TRUE
0,0,0,0,23,647.5,0.028571429,0.04,0,0,May,3,2,1,1,Returning_Visitor,FALSE
7,374.3690476,0,0,5,258.0833333,0.004545455,0.052525253,0,0,May,3,2,3,1,Returning_Visitor,FALSE
0,0,0,0,7,99.7,0,0.014285714,0,0.2,May,1,1,1,1,Returning_Visitor,FALSE
1,15,0,0,29,1397.5,0.011555556,0.046190476,0,0.8,May,2,4,7,3,Returning_Visitor,FALSE
0,0,1,134.3333333,16,765.4454545,0.006666667,0.006,0,0.8,May,2,10,1,1,Returning_Visitor,FALSE
5,55.5,0,0,4,24.5,0.022222222,0.037037037,0,1,May,3,2,6,3,Returning_Visitor,TRUE
0,0,0,0,22,647.6666667,0.009090909,0.026060606,0,1,May,2,2,4,3,Returning_Visitor,TRUE
5,68,0,0,36,818.5,0.007894737,0.028070175,0,0.8,May,2,2,1,3,Returning_Visitor,FALSE
0,0,0,0,54,2222.9,0.003703704,0.014814815,0,0,May,4,1,1,4,Returning_Visitor,FALSE
2,7,0,0,21,467.952381,0.047619048,0.068253968,0,0,May,2,5,1,3,Returning_Visitor,FALSE
0,0,0,0,7,1010.166667,0.028571429,0.095238095,0,0,May,2,2,1,3,Returning_Visitor,FALSE
6,299,1,41,36,696.4027778,0,0.002631579,0,0,May,2,2,2,4,New_Visitor,TRUE
0,0,0,0,5,1144,0.12,0.133333333,0,1,May,1,1,4,3,Returning_Visitor,TRUE
6,93.5,0,0,23,251.3333333,0,0.013768116,0,0,May,2,2,3,3,New_Visitor,FALSE
3,71,3,246,39,1501.333333,0,0.009756098,0,0,May,3,2,1,2,Returning_Visitor,TRUE
11,167.1666667,6,348,172,4086.144897,0.000555556,0.009603919,1.418440397,0.4,May,2,7,7,3,Returning_Visitor,FALSE
0,0,0,0,16,2515.1,0.053571429,0.070238095,0,0,May,3,2,2,3,Returning_Visitor,FALSE
0,0,1,17,8,549,0.022222222,0.044444444,0,0.6,May,1,1,6,3,Returning_Visitor,FALSE
0,0,0,0,4,81,0,0.05,0,0.4,May,2,4,2,4,Returning_Visitor,FALSE
5,1321.25,0,0,7,54.5,0,0.04,0,0.2,May,3,2,2,2,Returning_Visitor,FALSE
1,7,0,0,7,151.5,0,0.025,50.9925,0,May,2,2,1,1,Returning_Visitor,FALSE
1,77,1,335,33,3583.166667,0.02,0.045170068,11.15734286,0,May,2,2,3,11,Returning_Visitor,TRUE
0,0,0,0,13,474.6818182,0.015384615,0.029230769,0,0,May,3,2,4,3,Returning_Visitor,FALSE
0,0,0,0,4,79,0,0.05,0,0,May,2,2,6,2,Returning_Visitor,FALSE
0,0,0,0,9,71.75,0,0.055555556,0,1,May,2,4,2,3,Returning_Visitor,TRUE
0,0,0,0,16,1472,0.016666667,0.040625,0,0,May,2,6,1,1,Returning_Visitor,FALSE
0,0,0,0,9,953.8333333,0,0.011428571,92.83857143,0,May,3,2,1,5,Returning_Visitor,TRUE
3,22.33333333,1,0,105,2900.638469,0.009433962,0.021263103,0,0,May,2,2,8,4,Returning_Visitor,TRUE
0,0,0,0,7,128.3333333,0,0.057142857,0,0,May,4,1,3,3,Returning_Visitor,FALSE
1,14,0,0,30,1845.333333,0.027083333,0.042083333,12.6534375,0,May,3,2,3,1,Returning_Visitor,FALSE
2,10,1,17,21,1647.5,0,0.013043478,0,0,May,2,2,4,4,Returning_Visitor,FALSE
0,0,0,0,12,304.75,0,0.025,0,0.8,May,1,2,3,4,Returning_Visitor,FALSE
0,0,0,0,8,123,0,0.014285714,59.988,0,May,2,2,1,2,New_Visitor,FALSE
2,386,1,25,31,2725,0.010909091,0.017482517,0,0,May,2,6,2,5,Returning_Visitor,TRUE
0,0,0,0,5,162.5,0.04,0.073333333,0,0,May,3,2,1,3,Returning_Visitor,FALSE
0,0,0,0,15,789.6666667,0,0.014285714,14.55428571,0,May,2,2,3,2,Returning_Visitor,FALSE
2,225,0,0,6,549,0,0.014285714,0,0,May,3,2,1,4,New_Visitor,FALSE
0,0,0,0,20,806.5,0.01,0.038333333,0,0.6,May,2,4,1,3,Returning_Visitor,FALSE
0,0,0,0,97,7515.583333,0.004166667,0.027083333,0,0.8,May,2,2,3,2,Returning_Visitor,FALSE
2,21.33333333,0,0,3,45.33333333,0,0.0125,0,0,May,3,2,4,4,Returning_Visitor,TRUE
0,0,0,0,8,202.8333333,0,0.014285714,0,0,May,2,4,1,2,Returning_Visitor,FALSE
2,105,0,0,16,305.4285714,0,0.01875,0,0.2,May,1,8,3,11,Returning_Visitor,FALSE
0,0,0,0,4,61,0,0.025,0,0,May,1,1,4,4,Returning_Visitor,FALSE
0,0,0,0,6,82,0.15,0.183333333,0,0.6,May,2,2,3,1,Returning_Visitor,FALSE
0,0,0,0,26,3242,0.005555556,0.031388889,0,0,May,4,1,4,6,Returning_Visitor,TRUE
0,0,0,0,50,1735.595238,0,0.008746356,0,0.2,May,2,2,3,1,Returning_Visitor,FALSE
8,157,4,60,24,1192.5,0.015151515,0.033760684,5.689554113,0,May,2,2,1,7,Returning_Visitor,FALSE
9,367,0,0,85,2387.990657,0,0.016080586,3.926014129,0,May,3,2,6,4,Returning_Visitor,TRUE
0,0,0,0,19,1040.2,0,0.011111111,115.98,0,May,2,2,6,2,New_Visitor,TRUE
1,9,0,0,111,2451.869048,0,0.015775776,2.797414715,0.4,May,2,2,8,3,Returning_Visitor,FALSE
1,8,0,0,35,1295.916667,0.004166667,0.023611111,0,0,May,2,10,6,4,Returning_Visitor,TRUE
1,4,0,0,4,151,0,0.08,0,1,May,2,2,3,1,Returning_Visitor,TRUE
0,0,0,0,25,1838.5,0.004,0.052,0,0,May,2,2,1,19,Returning_Visitor,FALSE
0,0,0,0,20,196.8333333,0.04,0.063333333,0,0.6,May,2,2,1,4,Returning_Visitor,FALSE
0,0,0,0,17,290.8333333,0,0.0125,0,0.4,May,2,2,3,2,Returning_Visitor,FALSE
0,0,0,0,47,1230.368182,0.004347826,0.020724638,0,0,May,2,5,1,2,Returning_Visitor,FALSE
1,69,1,4,17,319,0,0.010526316,0,0,May,2,2,9,2,Returning_Visitor,TRUE
0,0,0,0,29,743.1666667,0,0.006896552,0,0,May,1,1,6,4,Returning_Visitor,FALSE
8,149.5,0,0,55,2598.991667,0.003278689,0.008196721,48.72995628,0,May,2,4,8,2,Returning_Visitor,TRUE
13,388.3,8,417,67,6483.775,0.00375,0.01725,24.27165,0,May,2,2,4,2,Returning_Visitor,FALSE
0,0,0,0,26,364.6666667,0.065384615,0.086538462,0,0.8,May,2,2,3,13,Returning_Visitor,FALSE
0,0,0,0,4,108,0,0.05,0,0.8,May,3,2,3,2,Returning_Visitor,FALSE
0,0,0,0,19,337.1666667,0,0.003508772,0,1,May,1,1,9,3,Returning_Visitor,TRUE
8,246.5,0,0,74,2326.666667,0,0.002597403,5.015272727,0,May,2,4,3,2,New_Visitor,FALSE
3,92.16666667,1,39,46,1388.866667,0.004166667,0.029444444,24.40764444,0,May,2,4,2,2,Returning_Visitor,FALSE
0,0,0,0,20,769.5,0,0.052,0,0,May,2,2,1,13,Returning_Visitor,FALSE
0,0,0,0,41,647.8166667,0.0125,0.026666667,0,0.4,May,2,2,6,1,Returning_Visitor,FALSE
10,1271.5,0,0,41,1221.138095,0,0.007801418,71.46597872,0,May,2,2,2,4,Returning_Visitor,FALSE
2,10,5,53,37,1578,0,0.0125,0,0.8,May,2,2,7,4,Returning_Visitor,FALSE
0,0,0,0,2,54,0.05,0.15,0,0,May,1,1,1,1,Returning_Visitor,FALSE
3,19,0,0,53,2544.166667,0.00617284,0.016049383,0,0,May,2,2,3,2,Returning_Visitor,FALSE
0,0,0,0,1,0,0.2,0.2,0,0.2,May,1,1,4,3,Returning_Visitor,FALSE
2,282.5,0,0,17,451,0.0625,0.085416667,0,0,May,3,2,3,13,Returning_Visitor,FALSE
1,70,0,0,24,496.6666667,0,0.002173913,0,0,May,1,1,1,2,New_Visitor,FALSE
0,0,0,0,65,624.6248956,0,0.02359375,0,0.8,May,2,5,4,2,Returning_Visitor,FALSE
0,0,0,0,7,70,0,0.028571429,0,0,May,2,2,1,2,Returning_Visitor,FALSE
8,117.5,0,0,17,545.5,0,0.019047619,0,0,May,2,2,1,13,Returning_Visitor,FALSE
5,99,0,0,35,573,0,0.018918919,9.597405405,0.6,May,2,2,1,4,Returning_Visitor,FALSE
0,0,0,0,22,2473.25,0.009090909,0.013383838,0,0,May,3,2,3,2,Returning_Visitor,FALSE
0,0,0,0,76,2854.783333,0.005866667,0.019555556,0,0,May,2,2,3,4,Returning_Visitor,FALSE
2,173,0,0,7,224,0.066666667,0.111111111,0,0,May,3,2,8,2,Returning_Visitor,FALSE
0,0,0,0,6,149.5,0,0.066666667,0,0.4,May,2,2,1,13,Returning_Visitor,FALSE
9,104.9857143,0,0,79,1926.33339,0.01533101,0.020052948,0,0,May,3,2,3,13,Returning_Visitor,FALSE
8,57.5,0,0,44,845.8333333,0.004255319,0.012765957,19.29753191,0.6,May,2,2,1,3,Returning_Visitor,FALSE
0,0,0,0,3,283,0.066666667,0.133333333,0,0,May,2,2,3,4,Returning_Visitor,FALSE
9,216.75,0,0,44,1527.166667,0.012765957,0.032765957,0,0,May,2,2,8,6,Returning_Visitor,TRUE
2,115,5,151.6666667,21,2080.75,0.011904762,0.045192308,20.37964966,0,May,1,1,1,2,Returning_Visitor,FALSE
0,0,1,0,15,181.5,0.0125,0.05,0,0,May,2,5,3,3,Returning_Visitor,FALSE
0,0,0,0,24,488.3333333,0,0.004347826,72.30208696,0,May,2,2,1,4,New_Visitor,FALSE
8,228.8333333,1,61,66,1505.333333,0,0.009109731,0,0,May,2,10,4,2,Returning_Visitor,FALSE
1,18,0,0,18,1188.95,0,0.011764706,39.186,0,May,2,2,3,3,Returning_Visitor,FALSE
10,293,0,0,29,1219.516667,0,0.015135135,8.897594595,0,May,2,2,3,2,Returning_Visitor,TRUE
0,0,0,0,9,72,0.022222222,0.044444444,0,0.6,May,1,1,1,3,Returning_Visitor,FALSE
0,0,0,0,13,193.5,0.085714286,0.097619048,0,0.8,May,3,2,3,13,Returning_Visitor,FALSE
2,88,0,0,3,95.5,0,0.02,0,0,May,1,2,3,2,New_Visitor,FALSE
0,0,0,0,4,137,0.15,0.15,0,0.2,May,3,3,2,11,Returning_Visitor,FALSE
2,32,2,1150,58,5072.395938,0.007667474,0.038802798,2.483389831,0.2,May,2,2,3,6,Returning_Visitor,FALSE
0,0,0,0,18,1844.416667,0,0.023529412,28.52788235,0,May,3,7,3,4,Returning_Visitor,FALSE
1,0,0,0,11,1019.5,0.022222222,0.044444444,26.65777778,0,May,2,5,3,1,Returning_Visitor,FALSE
0,0,0,0,1,0,0.2,0.2,0,1,May,1,1,1,2,Returning_Visitor,TRUE
10,236.9,0,0,19,538.2,0,0.00952381,0,0,May,2,5,3,6,New_Visitor,FALSE
5,76.33333333,2,0,36,1420.547902,0.015384615,0.042694343,0,0,May,3,2,1,4,Returning_Visitor,FALSE
0,0,0,0,3,106.5,0,0.033333333,0,0,May,3,2,2,13,Returning_Visitor,FALSE
0,0,1,6,50,1306.1,0.004081633,0.012244898,5.137714286,0,May,4,1,4,20,Returning_Visitor,FALSE
0,0,0,0,19,160.5,0,0.042105263,0,0.8,May,2,2,4,6,Returning_Visitor,FALSE
3,109,0,0,11,2351.333333,0,0.025,0,0,May,2,2,9,3,Returning_Visitor,TRUE
3,405.1666667,2,22,27,2042.25,0.045977011,0.067323481,0,0.6,May,2,2,1,6,Returning_Visitor,FALSE
0,0,0,0,10,257,0,0.01,0,0,May,2,5,2,2,Returning_Visitor,FALSE
1,18,0,0,15,272.3333333,0,0.036666667,0,0.6,May,2,2,3,3,Returning_Visitor,FALSE
0,0,0,0,13,700.6666667,0,0.015384615,0,0,May,3,2,1,4,Returning_Visitor,FALSE
0,0,0,0,9,442,0,0.044444444,0,0.2,May,2,2,7,2,Returning_Visitor,FALSE
0,0,0,0,1,0,0.2,0.2,0,0,May,3,2,9,3,Returning_Visitor,FALSE
5,215.5,0,0,61,1238.066667,0.004761905,0.020740741,0,0.6,May,3,2,3,13,Returning_Visitor,FALSE
2,17,2,23,70,2218.276547,0.018,0.035693651,5.185165143,0.8,May,3,2,3,2,Returning_Visitor,FALSE
3,377,0,0,14,634,0,0.013333333,0,0,May,1,1,8,15,New_Visitor,TRUE
1,43,0,0,38,1348.7,0,0.028376068,2.561538462,0,May,2,6,1,1,Returning_Visitor,FALSE
0,0,0,0,9,597,0.111111111,0.144444444,0,0.2,May,2,4,6,3,Returning_Visitor,FALSE
3,738.4,0,0,14,698.5833333,0.007692308,0.021153846,0,0,May,3,2,8,2,Returning_Visitor,FALSE
0,0,0,0,19,220.3848485,0.010526316,0.024642375,0,0,May,2,4,1,4,Returning_Visitor,FALSE
0,0,0,0,7,499.5,0,0.033333333,0,0.8,May,2,4,1,5,New_Visitor,FALSE
0,0,0,0,69,1248.133333,0.005797101,0.029227053,0,0.6,May,2,10,9,4,Returning_Visitor,FALSE
0,0,0,0,1,0,0.2,0.2,0,0.2,May,1,2,3,4,Returning_Visitor,FALSE
0,0,0,0,20,1815.279762,0.012280702,0.029239766,0,0.6,May,1,2,1,2,Returning_Visitor,FALSE
0,0,0,0,4,15,0.1,0.15,0,0.6,May,1,1,3,3,Returning_Visitor,FALSE
3,99,0,0,32,886.9583333,0.00625,0.0125,58.105625,0,May,1,1,3,4,Returning_Visitor,FALSE
0,0,0,0,32,2759.633333,0.027083333,0.038541667,0,0,May,3,2,3,2,Returning_Visitor,FALSE
0,0,0,0,30,849.75,0.077419355,0.112903226,0,0.8,May,2,2,3,20,Returning_Visitor,FALSE
0,0,0,0,19,232.5666667,0,0.003703704,0,0,May,2,2,3,2,Returning_Visitor,FALSE
1,19.33333333,1,104,42,2724.008983,0.0065,0.021312784,0,0.4,May,3,2,3,5,Returning_Visitor,FALSE
0,0,0,0,5,476,0.013333333,0.093333333,0,0,May,2,4,1,1,Returning_Visitor,FALSE
0,0,0,0,4,1440,0,0.05,0,0.8,May,2,2,5,1,Returning_Visitor,FALSE
0,0,0,0,10,377.5,0.02,0.06,0,0,May,1,1,2,11,Returning_Visitor,TRUE
6,449.25,0,0,29,778.3583333,0.013793103,0.024137931,0,0,May,3,2,5,3,Returning_Visitor,TRUE
1,23,0,0,20,723.25,0.036363636,0.050606061,0,0.4,May,3,2,1,6,Returning_Visitor,FALSE
0,0,0,0,11,976,0,0.033333333,0,0,May,2,2,1,1,Returning_Visitor,FALSE
0,0,0,0,14,108,0,0.007142857,0,0,May,2,2,1,19,Returning_Visitor,FALSE
0,0,0,0,41,1271.333333,0.029268293,0.047560976,0,0.4,May,2,2,1,13,Returning_Visitor,FALSE
3,33,0,0,2,26,0.013333333,0.07,0,1,May,1,1,3,4,Returning_Visitor,TRUE
6,595.1,3,1439,19,1119.716667,0,0.016666667,0,0,May,1,1,8,2,Returning_Visitor,FALSE
0,0,0,0,27,1192.22619,0,0.0016,0,0,May,3,2,3,4,Returning_Visitor,TRUE
11,136.3333333,2,72.5,80,1552.504762,0.002247191,0.00952381,28.25395506,0,May,2,2,3,4,Returning_Visitor,FALSE
4,40.5,0,0,32,593.5071429,0,0.028787879,0,0,May,3,2,6,3,Returning_Visitor,FALSE
0,0,0,0,6,62,0.133333333,0.166666667,0,0,May,3,2,2,3,Returning_Visitor,FALSE
0,0,0,0,4,247,0,0.05,0,0.2,May,2,2,1,2,Returning_Visitor,FALSE
0,0,0,0,63,1021,0.0265625,0.059895833,0,0.8,May,2,2,1,3,Returning_Visitor,FALSE
2,4,0,0,14,203,0,0.041176471,0,0,May,2,5,4,3,Returning_Visitor,FALSE
0,0,0,0,7,180,0,0.00952381,0,0,May,2,2,6,1,Returning_Visitor,FALSE
0,0,0,0,3,71,0.1,0.1,0,0,May,3,2,6,13,Returning_Visitor,FALSE
3,156.8,4,262.75,12,350.4253968,0.002614379,0.041356389,0,0.4,May,3,2,1,4,Returning_Visitor,FALSE
3,285.8,1,23.5,56,2915.166667,0,0.003448276,80.118,0,May,2,4,3,3,New_Visitor,FALSE
2,1172,0,0,24,1244.066667,0.008,0.028,0,0,May,1,8,2,6,Returning_Visitor,FALSE
5,237.25,0,0,12,454.2261905,0.011764706,0.042647059,0,0,May,1,1,8,3,Returning_Visitor,TRUE
1,17,4,32,11,948,0.013333333,0.016666667,25.484,0.6,May,2,2,1,6,Returning_Visitor,FALSE
0,0,0,0,16,650.8333333,0,0.019047619,13.99,0,May,2,2,7,2,Returning_Visitor,FALSE
1,76,0,0,37,821.3333333,0,0.014285714,0,0,May,2,2,4,4,Returning_Visitor,FALSE
0,0,0,0,9,260.3,0,0.005555556,16.32244444,0,May,3,2,6,11,Returning_Visitor,FALSE
1,9,1,82,93,3148.173939,0.021875,0.039475088,3.323971324,0.4,May,3,2,8,13,Returning_Visitor,FALSE
0,0,0,0,12,1287,0,0.016666667,0,0.4,May,4,2,2,13,Returning_Visitor,FALSE
0,0,0,0,5,87,0.04,0.06,0,0.6,May,2,2,3,6,Returning_Visitor,FALSE
3,26,0,0,2,22,0,0.02,0,0.8,May,2,2,1,4,Returning_Visitor,FALSE
2,16,0,0,29,1412.5,0.007142857,0.046428571,0,0,May,2,2,6,13,Returning_Visitor,FALSE
0,0,0,0,88,1917.683333,0.003409091,0.016287879,0,0.2,May,2,2,3,1,Returning_Visitor,FALSE
0,0,0,0,61,4501.4337,0.015,0.036678391,0,0.2,May,4,5,3,2,Returning_Visitor,FALSE
0,0,0,0,68,3357.340476,0.018137255,0.028272059,0,1,May,3,2,6,2,Returning_Visitor,TRUE
1,273,2,178,5,121.5,0,0.008333333,0,0.8,May,2,2,3,2,New_Visitor,FALSE
0,0,0,0,1,0,0.2,0.2,0,0,May,2,4,3,2,Returning_Visitor,FALSE
7,356,1,37,61,683.1738095,0,0.006349206,0,0,May,2,2,1,3,New_Visitor,FALSE
4,74.33333333,3,10,2,73,0,0.044444444,0,0,May,3,2,1,6,New_Visitor,FALSE
0,0,0,0,2,0,0.2,0.2,0,0.2,May,1,1,1,3,Returning_Visitor,FALSE
0,0,0,0,27,187,0,0.022222222,0,0,May,4,2,7,4,Returning_Visitor,FALSE
3,159,2,55.5,23,1100.125,0,0.011111111,0,0.4,May,3,2,4,14,Returning_Visitor,FALSE
4,92,0,0,19,473,0,0.004545455,0,0,May,3,2,3,1,Returning_Visitor,FALSE
0,0,0,0,14,340,0,0.015384615,23.388,0,May,2,2,3,1,Returning_Visitor,TRUE
0,0,0,0,1,0,0.2,0.2,0,0,May,2,2,1,13,Returning_Visitor,FALSE
0,0,1,41,45,1754,0,0.014534161,7.880478261,0,May,3,2,3,6,Returning_Visitor,TRUE
0,0,0,0,7,277,0,0.042857143,0,0.2,May,2,2,3,4,Returning_Visitor,FALSE
2,30.5,2,18,15,1518.097619,0,0.031764706,31.75764706,0,May,2,2,8,2,Returning_Visitor,FALSE
0,0,3,83,18,511.5,0.00952381,0.028571429,0,0,May,2,2,6,1,Returning_Visitor,FALSE
7,204.3875,4,187,61,776.4138158,0.015104167,0.016153274,0,0,May,3,2,6,3,Returning_Visitor,FALSE
1,11,0,0,4,1145,0.05,0.1,0,0.2,May,2,2,3,13,Returning_Visitor,FALSE
0,0,0,0,1,0,0.2,0.2,0,0,May,1,1,1,15,Returning_Visitor,TRUE
0,0,0,0,18,1748,0.047058824,0.064705882,0,0,May,1,1,1,3,Returning_Visitor,FALSE
3,30.25,0,0,21,327.2666667,0.017391304,0.02826087,68.85704348,0,May,2,2,1,3,Returning_Visitor,FALSE
0,0,0,0,8,111,0.1,0.125,0,0.8,May,2,2,4,13,Returning_Visitor,FALSE
0,0,1,226,19,797.1666667,0,0.014035088,0,0,May,3,3,6,4,Returning_Visitor,TRUE
0,0,0,0,2,121,0,0.05,0,0,May,3,2,1,3,Returning_Visitor,FALSE
0,0,0,0,4,992,0,0.05,0,0.2,May,2,2,4,13,Returning_Visitor,FALSE
1,6,0,0,61,3545.19127,0.008954009,0.057518519,0,0.6,May,2,2,4,2,Returning_Visitor,FALSE
0,0,0,0,5,197,0,0.06,0,0,May,2,2,7,3,Returning_Visitor,TRUE
2,121,0,0,30,1906.47619,0.011494253,0.024931582,0,0,May,2,4,3,2,Returning_Visitor,FALSE
2,26.66666667,0,0,20,819.2715686,0.007972028,0.043864469,0,0,May,2,2,1,2,Returning_Visitor,TRUE
0,0,0,0,12,70,0.15,0.166666667,0,0.4,May,1,1,3,3,Returning_Visitor,FALSE
0,0,0,0,25,934.3666667,0.024,0.054,0,0.6,May,2,2,6,13,Returning_Visitor,FALSE
0,0,0,0,8,72,0.025,0.05,0,0.4,May,2,2,1,4,Returning_Visitor,FALSE
0,0,0,0,4,1245,0,0.1,0,0,May,2,2,3,6,Returning_Visitor,FALSE
5,33.66666667,0,0,4,21.66666667,0,0.02,0,0,May,2,2,1,5,New_Visitor,FALSE
0,0,1,35,33,782.0833333,0,0.005882353,23.03329412,0,May,2,4,9,2,New_Visitor,FALSE
4,85.92857143,0,0,39,681.7619048,0.015384615,0.032988166,0,0,May,1,1,7,3,Returning_Visitor,FALSE
0,0,0,0,2,7,0,0.1,0,0,June,2,2,7,1,Returning_Visitor,FALSE
2,104.3,0,0,48,2307.661212,0.025510204,0.035488428,4.348145623,0,Oct,1,1,4,1,Returning_Visitor,TRUE
2,55.4,0,0,25,402.75,0.015384615,0.034065934,0,0,Jul,3,2,5,1,Returning_Visitor,FALSE
6,53,0,0,40,778.8333333,0,0.009469697,8.480846261,0,Aug,1,1,1,4,New_Visitor,TRUE
13,234.5666667,0,0,80,1807.227778,0.016091954,0.0348659,4.192980384,0,Jul,4,2,3,13,Returning_Visitor,FALSE
18,189.2646154,0,0,38,777.4146154,0.004255319,0.016960486,0,0,Sep,2,2,1,3,Returning_Visitor,TRUE
0,0,0,0,3,33.2,0,0.066666667,0,0,June,1,1,3,1,Returning_Visitor,TRUE
0,0,0,0,15,1069.7,0,0.046666667,0,0,Jul,3,2,6,1,Returning_Visitor,FALSE
4,54.2,1,33.2,64,1324.68,0,0.003864734,0,0,June,2,2,1,4,New_Visitor,FALSE
0,0,0,0,3,33.2,0.133333333,0.166666667,0,0,Aug,3,2,1,2,Returning_Visitor,TRUE
1,118.8,0,0,8,259.2,0,0.007407407,0,0,Sep,2,2,4,2,New_Visitor,FALSE
0,0,0,0,3,58.2,0.066666667,0.044444444,0,0,Aug,3,2,1,3,Returning_Visitor,FALSE
1,5,0,0,41,764.1333333,0,0.014444444,0,0,June,2,2,1,4,Returning_Visitor,FALSE
2,268.08,0,0,13,420.2466667,0.042105263,0.064912281,0,0,Sep,3,2,1,13,Returning_Visitor,TRUE
0,0,0,0,63,1779.163333,0.003278689,0.020243418,0,0,Aug,2,2,1,1,Returning_Visitor,FALSE
7,68.4,0,0,145,5175.377371,0.002666667,0.008978355,2.042762326,0,Aug,2,2,1,1,Returning_Visitor,FALSE
4,96.6,0,0,15,276.7333333,0.010526316,0.021052632,69.46239458,0,Oct,2,2,1,4,Returning_Visitor,TRUE
0,0,0,0,13,187,0,0,0,0,Sep,2,5,4,1,Returning_Visitor,FALSE
3,58.4,0,0,11,267.3,0,0.016666667,0,0,Nov,2,2,4,2,New_Visitor,TRUE
4,61.63333333,0,0,33,1804.011111,0,0.005022447,41.64590199,0,Nov,2,2,2,2,Returning_Visitor,FALSE
4,194.4,0,0,12,182.5142857,0,0.001666667,0,0,Oct,1,1,6,2,Returning_Visitor,FALSE
2,8,2,90.2,13,1286.050476,0.0125,0.019886364,0,0,Aug,2,2,3,2,Returning_Visitor,FALSE
1,66.4,0,0,39,606.3666667,0.015789474,0.026754386,0,0,Jul,2,2,1,4,Returning_Visitor,FALSE
2,13,0,0,16,346.3866667,0,0.029411765,0,0,Jul,3,2,3,4,Returning_Visitor,FALSE
8,166.7,0,0,9,171.7,0.016666667,0.05,0,0,Nov,2,2,1,3,Returning_Visitor,FALSE
11,189.4833333,1,303.2,91,4864.147143,0,0.002380952,0,0,Oct,2,2,1,2,New_Visitor,TRUE
0,0,0,0,13,374.9,0,0.047619048,16.72561819,0,Aug,4,1,1,3,Returning_Visitor,FALSE
10,208.5133333,0,0,17,369.1,0,0.004,0,0,Sep,3,2,1,6,New_Visitor,FALSE
2,73.75,0,0,20,546.669697,0,0.004393939,0,0,Oct,2,2,1,2,Returning_Visitor,FALSE
3,180.8,0,0,10,408.4666667,0,0,0,0,Aug,4,1,3,1,Returning_Visitor,TRUE
4,124.6,0,0,4,71,0,0.028571429,0,0,Jul,3,3,4,1,New_Visitor,FALSE
0,0,0,0,3,36.6,0,0.033333333,0,0,Aug,2,2,6,2,Returning_Visitor,FALSE
4,71.7,0,0,8,74.6,0.109090909,0.127272727,0,0,Jul,3,2,6,13,Returning_Visitor,FALSE
6,631.1073171,3,7.6,28,2104.573984,0.007189542,0.034273974,35.51518951,0,Nov,2,2,5,6,Returning_Visitor,FALSE
2,95.3,0,0,14,262.587619,0.0125,0.004910714,0,0,Nov,1,1,4,2,New_Visitor,FALSE
5,168.2,0,0,15,2026.633333,0.008333333,0.039,0,0,Nov,3,2,7,13,Returning_Visitor,FALSE
5,154.2,0,0,12,269.5357143,0.004444444,0.006111111,0,0,Aug,3,2,1,4,Returning_Visitor,FALSE
12,245.7333333,4,1511.7,439,21857.04648,0.003588626,0.012497612,11.43923328,0,Sep,2,2,1,13,Returning_Visitor,FALSE
0,0,0,0,15,431.2,0,0.007142857,0,0,Sep,2,5,9,5,New_Visitor,FALSE
11,362.3,0,0,41,1081.713333,0.01,0.028830409,27.5128393,0,Sep,2,2,1,1,Returning_Visitor,TRUE
3,90.7,3,65.4,13,1036.53178,0.035294118,0.048235852,19.74930078,0,Nov,3,2,1,4,Returning_Visitor,TRUE
8,760.9,3,206.1,36,2400.667778,0.008527132,0.02372093,0,0,Nov,1,2,7,2,Returning_Visitor,FALSE
1,17.2,0,0,11,394.8,0,0.027272727,0,0,Nov,2,2,4,13,Returning_Visitor,FALSE
3,80.6,2,16.2,33,770.1071795,0.005405405,0.016216216,0,0,Oct,3,2,1,5,Returning_Visitor,FALSE
6,177.6,0,0,17,284.7833333,0.009090909,0.022727273,31.99181419,0,Oct,4,1,1,2,Returning_Visitor,FALSE
4,103.8,0,0,14,314.2933333,0,0.013333333,79.44353446,0,Jul,2,2,5,2,New_Visitor,FALSE
0,0,0,0,2,179.8,0,0.033333333,0,0,Nov,3,3,1,3,New_Visitor,TRUE
3,230.1,0,0,35,905.1226263,0.017647059,0.019206774,0,0,Jul,3,2,6,1,Returning_Visitor,FALSE
0,0,0,0,9,257.9,0.011111111,0.044444444,0,0,June,1,1,1,20,Returning_Visitor,TRUE
0,0,0,0,32,1028.566667,0.0125,0.015625,0,0,Aug,1,1,6,3,Returning_Visitor,TRUE
1,55.4,0,0,29,451.7,0.003448276,0.022988506,0,0,Aug,2,2,3,4,Returning_Visitor,FALSE
2,21,0,0,9,84.1,0,0.006060606,0,0,Oct,2,2,3,2,New_Visitor,FALSE
6,186.6666667,2,100.8,11,347.4,0,0.015,0,0,Aug,3,2,4,5,Returning_Visitor,FALSE
0,0,0,0,8,286.7,0.05,0.075,0,0,Jul,3,2,1,1,Returning_Visitor,FALSE
3,37.6,0,0,12,299.2666667,0,0.030769231,0,0,Sep,3,2,1,6,Returning_Visitor,FALSE
0,0,3,541,32,776.9232515,0.001176471,0.013779093,0,0,Nov,1,1,3,20,Returning_Visitor,FALSE
1,7.1,0,0,16,222.2333333,0,0.029411765,0,0,June,2,5,3,2,Returning_Visitor,FALSE
0,0,0,0,4,39.95,0,0.05,0,0,Jul,3,2,1,4,Returning_Visitor,TRUE
3,41.2,1,99.8,2,10,0,0.033333333,0,0,Nov,1,2,4,2,Returning_Visitor,FALSE
3,142.2,0,0,24,755,0,0.007407407,0,0,Oct,2,5,7,2,New_Visitor,TRUE
3,89.25,0,0,8,67.85,0.018181818,0.033333333,0,0,June,2,2,8,1,Returning_Visitor,FALSE
0,0,0,0,5,150.8,0,0.02,0,0,Aug,1,1,1,2,Returning_Visitor,FALSE
3,96.8,0,0,29,2041.626667,0.026075269,0.047324629,0,0,Sep,2,2,3,1,Returning_Visitor,FALSE
5,87.8,0,0,38,842.4235931,0,0.011382114,52.28594057,0,Oct,1,1,1,2,Returning_Visitor,TRUE
0,0,0,0,5,60.9,0.04,0.12,0,0,Aug,1,1,1,3,Returning_Visitor,FALSE
4,54.93333333,0,0,35,1126.666667,0,0.005952381,28.32886648,0,Jul,2,2,7,2,Returning_Visitor,FALSE
1,27.2,0,0,21,1003.658333,0.010526316,0.019064327,0,0,Oct,3,2,4,20,Returning_Visitor,FALSE
3,86.95,6,173.2,17,481.31,0,0,27.69500776,0,Nov,2,2,9,20,New_Visitor,FALSE
5,49.8,0,0,32,955.3333333,0.01875,0.0390625,0,0,Aug,2,2,1,13,Returning_Visitor,FALSE
1,29.2,1,322.4,10,126.9333333,0.014285714,0.036904762,13.59420027,0,Sep,2,2,1,2,Returning_Visitor,FALSE
2,53.4,0,0,3,66.4,0,0.04,0,0,Oct,1,1,4,3,Returning_Visitor,TRUE
1,0,0,0,10,645.2,0.03,0.05,0,0,Jul,3,2,4,1,Returning_Visitor,FALSE
1,21.2,0,0,0,0,0.05,0.1,0,0,Oct,1,1,1,5,Returning_Visitor,FALSE
7,101.0833333,0,0,26,349.1166667,0.006060606,0.023484848,39.41924911,0,Aug,2,4,3,4,Returning_Visitor,FALSE
6,333.54,0,0,12,568.1,0,0.0125,19.63031016,0,Nov,2,4,5,2,New_Visitor,FALSE
0,0,0,0,3,35.4,0,0.066666667,0,0,Nov,1,1,1,1,Returning_Visitor,FALSE
1,29.2,0,0,0,0,0,0.066666667,0,0,Nov,1,1,4,2,Returning_Visitor,TRUE
2,27.46666667,3,245.8,28,524.06,0.02,0.054666667,20.42600013,0,Oct,2,2,7,1,Returning_Visitor,FALSE
9,178.52,3,183.2666667,7,205.8566667,0,0.035555556,0,0,Jul,2,2,1,2,New_Visitor,FALSE
2,42.4,0,0,5,163.2,0,0.028571429,20.71678117,0,Aug,2,10,3,3,Returning_Visitor,FALSE
1,7,2,15,17,2269.9,0,0.019047619,0,0,Jul,2,2,3,4,Returning_Visitor,FALSE
0,0,0,0,80,1566.333333,0.005,0.027916667,0.720181023,0,Sep,2,2,6,1,Returning_Visitor,FALSE
2,58.4,0,0,24,589.8,0.032098765,0.05617284,1.696968944,0,Sep,2,2,1,1,Returning_Visitor,TRUE
0,0,0,0,7,159.2,0.085714286,0.128571429,0,0,Aug,3,3,3,1,Returning_Visitor,TRUE
0,0,0,0,4,67.6,0.125,0.133333333,0,0,Jul,3,2,1,4,Returning_Visitor,FALSE
2,34.2,0,0,5,63.4,0,0.028571429,0,0,Jul,4,1,2,2,New_Visitor,FALSE
0,0,0,0,9,249.41,0.022222222,0.005128205,0,0,Nov,1,2,1,4,Returning_Visitor,FALSE
6,206.03,0,0,129,3778.345,0.010687023,0.024611656,2.169469761,0,Oct,2,2,1,3,Returning_Visitor,FALSE
15,149.0316092,2,1529.2,23,2128.704568,0.005714286,0.020425941,16.19731984,0,Oct,2,2,2,20,Returning_Visitor,FALSE
1,4,0,0,28,877.6666667,0,0.003571429,0,0,Nov,2,2,9,2,New_Visitor,TRUE
2,81.6,1,0,32,2230.600476,0.0125,0.023125,0,0,Jul,2,2,9,1,Returning_Visitor,FALSE
10,706.5566667,0,0,53,1572.816667,0.007017544,0.024948268,0,0,Nov,3,2,1,1,Returning_Visitor,FALSE
7,155,0,0,20,252.9833333,0.008333333,0.025,0,0,Oct,2,2,1,3,Returning_Visitor,FALSE
5,174.3,0,0,39,794.7131148,0.032954545,0.056528671,0,0,Sep,1,2,1,1,Returning_Visitor,FALSE
5,399.2,2,34.3,42,1713.21619,0.062222222,0.090962963,3.16569129,0,June,2,2,6,13,Returning_Visitor,FALSE
0,0,0,0,7,245.4,0.025,0.08125,3.27121463,0,Sep,3,7,3,4,Returning_Visitor,FALSE
1,160.2,0,0,13,381.6166667,0,0.011904762,0,0,Oct,1,2,3,2,New_Visitor,FALSE
10,154.0229167,0,0,50,1388.052366,0.008611111,0.02038584,18.19675574,0,Sep,3,2,3,4,Returning_Visitor,FALSE
0,0,0,0,23,297.3,0.013636364,0.037207792,10.95661974,0,Sep,2,2,3,1,Returning_Visitor,FALSE
0,0,0,0,42,2084.479524,0.004761905,0.014920635,0,0,Oct,1,1,1,2,Returning_Visitor,FALSE
0,0,0,0,8,65.4,0.05,0.15,0,0,Aug,1,1,1,3,Returning_Visitor,FALSE
10,515.6133333,3,85.14,50,1558.62,0.003636364,0.011878788,12.12586885,0,Aug,3,2,4,4,Returning_Visitor,TRUE
5,209.2,0,0,18,447.1666667,0.008695652,0.041304348,0,0,Aug,1,1,1,1,Returning_Visitor,FALSE
5,161.1076923,5,108.3,44,2982.063248,0.016352201,0.037389344,5.721365099,0,Nov,1,1,4,1,Returning_Visitor,FALSE
4,80.6,0,0,39,639.4933333,0,0.005,0,0,Nov,1,2,1,20,Returning_Visitor,FALSE
3,16,0,0,63,3908.754762,0,0.001587302,1.298232174,0,Aug,4,1,6,4,Returning_Visitor,FALSE
6,446.3833333,0,0,28,789.1266667,0.01,0.012860238,37.5474164,0,Nov,2,2,1,2,Returning_Visitor,FALSE
12,221.7279167,4,144.2,136,5944.387373,0.011252599,0.031851593,2.045137389,0,Oct,2,5,1,1,Returning_Visitor,FALSE
6,130,2,14.2,30,2472.24,0.03537037,0.05723545,0,0,June,1,1,3,3,Returning_Visitor,FALSE
0,0,0,0,71,1057.2,0.122222222,0.129580026,0,0,June,3,2,2,13,Returning_Visitor,TRUE
5,141.14,0,0,12,305.24,0,0.013333333,0,0,June,2,2,9,3,Returning_Visitor,FALSE
8,287.7,0,0,20,531.56,0,0.012121212,0,0,Oct,2,2,9,20,New_Visitor,FALSE
9,449.8166667,0,0,17,200.95,0,0.024603175,0,0,Sep,2,2,1,2,Returning_Visitor,FALSE
3,67.4,0,0,4,51.3,0,0.028571429,0,0,Oct,2,2,1,2,New_Visitor,TRUE
0,0,0,0,32,707.7,0.025,0.084375,0,0,June,2,2,6,13,Returning_Visitor,FALSE
7,76.15,0,0,67,1553.696667,0.008571429,0.019047619,0.68291229,0,June,2,2,2,13,Returning_Visitor,FALSE
3,61.65,7,380.9571429,102,3025.290325,0.014102564,0.019800052,11.43180835,0,Sep,3,2,1,2,Returning_Visitor,FALSE
1,146,0,0,7,221.4,0.025,0.0225,0,0,Nov,1,1,4,3,Returning_Visitor,FALSE
1,0,0,0,1,74.6,0.1,0.1,0,0,Oct,3,2,1,4,Returning_Visitor,FALSE
3,420.1,2,14.2,32,591.72,0.032432432,0.043745174,0,0,Oct,1,1,1,3,Returning_Visitor,TRUE
0,0,1,2,33,2601.231408,0.005882353,0.011764706,177.7714536,0,Nov,2,2,7,20,Returning_Visitor,FALSE
0,0,0,0,10,204.6,0,0.02,0,0,Jul,2,2,1,1,Returning_Visitor,FALSE
19,230.3948365,3,48.3,111,3276.190541,0.0088,0.011027644,0.447038663,0,Jul,1,1,3,3,Returning_Visitor,FALSE
1,20.2,0,0,6,1561.2,0.028571429,0.057142857,0,0,Nov,4,2,3,1,Returning_Visitor,TRUE
0,0,0,0,53,952.1598198,0.015839126,0.037802052,0,0,Jul,3,2,8,1,Returning_Visitor,TRUE
0,0,0,0,9,145.9,0.022222222,0.074074074,0,0,June,1,1,2,3,Returning_Visitor,TRUE
4,183.6,0,0,19,457.9,0,0.022222222,0,0,Nov,1,1,1,4,Returning_Visitor,TRUE
5,28.58333333,0,0,45,649.8632035,0.006122449,0.02755102,0,0,Jul,3,2,6,5,Returning_Visitor,FALSE
17,96.16060606,5,174.7,75,2549.529127,0.011818182,0.047380485,0,0,Jul,2,2,4,4,Returning_Visitor,FALSE
0,0,2,20.2,11,473.8333333,0,0.025,0,0,June,3,2,8,3,Returning_Visitor,FALSE
4,104.2,0,0,19,456.9,0,0.0125,0,0,Aug,2,2,8,6,New_Visitor,TRUE
3,90.6,0,0,21,608.3033333,0,0.026666667,0,0,Sep,2,2,3,2,Returning_Visitor,FALSE
4,31.6,0,0,9,1760.7,0,0.003333333,0,0,Nov,4,2,9,2,Returning_Visitor,FALSE
2,337.6,0,0,2,8,0,0.04,0,0,Nov,2,2,1,2,New_Visitor,FALSE
3,49.4,4,321.4,91,6418.819048,0.018181818,0.046632997,13.83791777,0,Jul,2,2,1,3,Returning_Visitor,FALSE
2,46.4,1,29.2,12,303.2464286,0,0.015384615,0,0,Oct,1,1,3,2,New_Visitor,TRUE
13,345.0166667,0,0,90,1816.555008,0,0.004861111,86.31034266,0,Aug,4,2,3,4,Returning_Visitor,FALSE
1,119.8,0,0,10,175.35,0,0.009090909,0,0,Jul,1,1,5,3,Returning_Visitor,FALSE
0,0,0,0,14,343.52,0,0.028571429,0,0,Jul,3,2,8,1,Returning_Visitor,TRUE
3,346,1,15.2,29,1107.216667,0.006060606,0.006700972,69.91439226,0,Nov,2,2,5,2,Returning_Visitor,FALSE
5,91.31666667,0,0,29,1352.976722,0.01125,0.024522672,7.91345877,0,Nov,1,1,6,1,Returning_Visitor,FALSE
9,146.3,4,137.8166667,7,197.0666667,0,0.012631579,0,0,June,2,5,2,2,Returning_Visitor,TRUE
2,72.6,0,0,9,198.7,0,0.018181818,0,0,Sep,2,2,7,6,Returning_Visitor,TRUE
0,0,0,0,26,710,0.003846154,0.017521368,0,0,Aug,3,3,4,4,Returning_Visitor,FALSE
8,192.4333333,2,53.4,45,1372.875238,0.004166667,0.00625,0,0,Sep,4,1,1,3,New_Visitor,FALSE
5,136.1,0,0,45,1424.804887,0,0.008333333,10.19295165,0,Nov,2,2,6,2,Returning_Visitor,TRUE
2,40.2,2,26.1,10,186.7,0,0.021428571,0,0,Oct,2,2,3,3,New_Visitor,FALSE
0,0,0,0,17,1338.8,0.058823529,0.094117647,0,0,Aug,2,2,3,13,Returning_Visitor,FALSE
6,202.4,1,0,22,2006.046667,0.007142857,0.032738095,8.052231522,0,Nov,6,5,4,2,Returning_Visitor,FALSE
0,0,0,0,2,12,0,0.1,0,0,Aug,1,1,1,4,Returning_Visitor,TRUE
0,0,0,0,54,2593.1,0.018181818,0.039393939,0,0,Aug,2,2,1,3,Returning_Visitor,FALSE
2,168.4,0,0,10,208,0,0.008333333,0,0,Nov,3,2,5,2,New_Visitor,FALSE
7,234.4333333,0,0,85,6743.39876,0.013768116,0.033907028,0,0,Oct,2,2,8,13,Returning_Visitor,FALSE
6,102.4,2,44.4,33,688.3142857,0,0.022222222,0,0,Sep,2,2,3,3,Returning_Visitor,FALSE
5,170.8333333,0,0,79,1193.517172,0,0.002821869,0,0,Oct,4,1,1,2,Returning_Visitor,TRUE
7,312.8,1,4,155,2374.966713,0.025906525,0.039077841,0,0,Jul,3,2,4,13,Returning_Visitor,FALSE
3,41.3,0,0,4,55.9,0,0.014285714,0,0,June,3,2,8,2,New_Visitor,FALSE
1,29.2,0,0,7,75.6,0,0.025,0,0,Aug,1,1,4,2,New_Visitor,TRUE
3,95.6,0,0,10,337.1,0.008333333,0.029166667,0,0,Jul,1,1,9,3,Returning_Visitor,FALSE
0,0,0,0,48,476.3600939,0.000694444,0.028639403,0,0,Aug,1,1,1,2,Returning_Visitor,FALSE
0,0,1,0,26,653.4,0.041333333,0.067142857,0,0,Jul,2,2,2,1,Returning_Visitor,TRUE
0,0,0,0,5,291.2,0.18,0.186666667,0,0,Oct,3,2,8,20,Returning_Visitor,FALSE
1,10.1,0,0,10,256.1857143,0,0.007407407,46.84856664,0,Aug,1,1,2,2,New_Visitor,TRUE
0,0,1,217.6,77,1690.489222,0.011842105,0.027846816,0,0,Sep,3,2,6,1,Returning_Visitor,TRUE
4,296.2,0,0,33,920.4,0,0.013513514,0,0,Oct,1,1,1,5,Returning_Visitor,FALSE
3,294.2,2,108.9,60,1994.023778,0.022153846,0.037014927,0,0,Sep,3,2,6,2,Returning_Visitor,FALSE
18,198.99,2,28.2,53,2387.596667,0,0.007692308,0,0,Oct,2,2,1,2,Returning_Visitor,FALSE
1,14.2,1,26.2,3,25.2,0,0.04,0,0,Nov,6,2,9,2,Returning_Visitor,FALSE
7,145.98,0,0,36,646.1533333,0,0.017719298,22.08032319,0,Aug,2,2,2,2,Returning_Visitor,FALSE
0,0,0,0,9,980.5666667,0,0.011111111,78.56959864,0,Sep,2,2,5,2,New_Visitor,FALSE
1,9,0,0,22,1889.25,0,0.024603175,0,0,Aug,2,2,7,6,Returning_Visitor,FALSE
8,98.4,0,0,16,156.3333333,0,0.007843137,0,0,Oct,2,2,3,1,Returning_Visitor,FALSE
11,211.0333333,3,173.2333333,62,1340.676667,0.000391389,0.019726027,17.42324027,0,Aug,2,2,7,2,Returning_Visitor,FALSE
9,356.7464198,4,1109.533333,81,6847.936896,0.015227273,0.022982896,5.046329077,0,Oct,1,1,3,1,Returning_Visitor,FALSE
2,32.2,0,0,11,222.5,0,0.015384615,0,0,Aug,2,2,1,4,Returning_Visitor,TRUE
9,233.6224044,0,0,35,1941.066667,0.01255814,0.02917153,0,0,Aug,3,2,7,2,Returning_Visitor,FALSE
0,0,0,0,40,1161.9,0.055,0.08,0,0,Sep,1,8,6,1,Returning_Visitor,FALSE
7,611.0333333,2,13,81,1719.375714,0.004494382,0.009737828,6.49444108,0,Oct,1,1,6,2,Returning_Visitor,TRUE
1,71.6,0,0,7,286.7,0,0.008333333,0,0,Aug,1,1,7,3,New_Visitor,FALSE
0,0,0,0,22,817.9590698,0.056060606,0.079518398,0,0,Sep,3,2,3,1,Returning_Visitor,TRUE
13,869.1666667,2,28.2,97,2865.817778,0.009345794,0.024205607,0,0,Oct,2,6,1,1,Returning_Visitor,FALSE
9,524.9333333,2,30.66666667,31,1157.444833,0.005698006,0.02881889,10.79674946,0,Nov,2,2,3,1,Returning_Visitor,TRUE
1,159.2,0,0,21,526.5,0,0.009090909,0,0,Aug,3,2,1,1,Returning_Visitor,TRUE
6,90.6,0,0,10,384.8,0,0.015384615,0,0,Aug,1,2,3,2,New_Visitor,TRUE
14,181.0733333,3,58.4,18,450.5066667,0,0.011111111,0,0,Oct,2,2,1,3,Returning_Visitor,TRUE
5,73.8,0,0,5,82.5,0,0.028571429,0,0,Aug,2,5,6,5,New_Visitor,FALSE
4,95.8,2,35.7,14,380.2666667,0,0.011111111,0,0,Oct,2,4,7,2,New_Visitor,FALSE
1,5,0,0,7,1252.766667,0.025,0.021428571,0,0,Sep,1,2,7,4,Returning_Visitor,FALSE
4,46.4,0,0,5,61.4,0,0.014285714,0,0,Oct,2,2,4,4,New_Visitor,FALSE
4,45.4,0,0,14,339,0,0.010526316,0,0,Jul,2,2,1,5,New_Visitor,FALSE
4,47.8,0,0,7,183,0.018181818,0.072727273,0,0,Jul,3,3,3,4,Returning_Visitor,FALSE
0,0,0,0,23,798.3,0.026086957,0.047826087,0,0,Aug,2,2,5,1,Returning_Visitor,FALSE
9,228.2,1,0,7,186.4,0.02,0.03,0,0,Nov,2,2,1,20,Returning_Visitor,FALSE
3,31.2,1,42.4,13,134.45,0,0.0125,0,0,Nov,2,2,6,2,New_Visitor,FALSE
3,180.4,0,0,12,2646.4,0.042857143,0.052380952,0,0,Oct,2,2,2,20,Returning_Visitor,FALSE
8,352.4,1,49.73333333,12,309.7,0.011764706,0.014705882,0,0,Sep,3,2,1,4,Returning_Visitor,FALSE
3,86.6,0,0,35,596.0333333,0,0.005263158,0,0,Oct,2,5,1,2,New_Visitor,FALSE
0,0,0,0,45,1970,0.019259259,0.037925926,0,0,June,4,1,3,3,Returning_Visitor,FALSE
4,138.1,0,0,20,1708.98,0.0125,0.057936508,0,0,Sep,3,3,4,4,Returning_Visitor,TRUE
4,66.76,0,0,10,267.9,0,0.002777778,0,0,Aug,2,2,7,2,New_Visitor,FALSE
6,132.22,3,18,22,418.8444444,0,0.001020408,0,0,Oct,2,2,1,2,New_Visitor,TRUE
3,73.2,5,124.2666667,10,239.7,0,0.0025,0,0,Sep,2,2,5,1,New_Visitor,FALSE
3,72.4,0,0,3,86.6,0,0.033333333,0,0,June,1,1,7,3,Returning_Visitor,TRUE
16,590.925,0,0,54,2214.230303,0.009375,0.031076389,1.288569678,0,Oct,2,4,8,1,Returning_Visitor,FALSE
0,0,0,0,22,848.8407143,0,0.00952381,0,0,June,2,4,3,2,Returning_Visitor,FALSE
3,142.1333333,2,141.2,8,361.2333333,0.008333333,0.038888889,0,0,Oct,1,1,1,2,Returning_Visitor,TRUE
4,41.2,1,0,15,142.4,0.022222222,0.077777778,0,0,Jul,1,1,4,2,Returning_Visitor,FALSE
0,0,0,0,20,1116.473333,0.033,0.027954545,0,0,Oct,3,2,6,1,Returning_Visitor,FALSE
0,0,0,0,51,1219.054286,0,0.012113703,9.063088034,0,Aug,2,2,2,1,Returning_Visitor,FALSE
0,0,0,0,15,176.5,0.04,0.12,0,0,Jul,2,2,1,3,Returning_Visitor,FALSE
4,60.4,0,0,7,207.6,0,0.033333333,30.84751033,0,Sep,2,2,9,3,Returning_Visitor,FALSE
7,272.0333333,0,0,13,295.1,0.011764706,0.017647059,0,0,Nov,3,2,1,20,Returning_Visitor,FALSE
1,6,0,0,2,15,0,0.066666667,0,0,Oct,2,2,9,4,Returning_Visitor,FALSE
0,0,0,0,22,343.0333333,0,0.027272727,0,0,June,2,5,6,1,Returning_Visitor,FALSE
0,0,0,0,42,602.8833333,0,0.004365079,21.26632526,0,Sep,6,2,3,1,Returning_Visitor,FALSE
1,0,0,0,21,921.6233333,0,0.01,0,0,Sep,2,2,1,2,New_Visitor,FALSE
0,0,0,0,41,3389.8,0.032478632,0.05019425,0,0,Sep,2,4,3,1,Returning_Visitor,FALSE
6,132.025,3,79.7,45,1620.141667,0,0.009333333,0,0,Oct,1,1,1,2,Returning_Visitor,FALSE
3,189.4,4,130.76,93,3856.82978,0.037525773,0.06218704,7.542144271,0,June,2,2,1,1,Returning_Visitor,FALSE
0,0,0,0,54,941.4666667,0,0.003773585,26.67428219,0,Aug,4,5,1,1,Returning_Visitor,FALSE
3,52.4,0,0,25,324.2666667,0,0.032692308,0,0,Sep,2,2,1,5,Returning_Visitor,FALSE
0,0,0,0,13,218.6666667,0.107692308,0.111538462,0,0,Jul,2,2,1,1,Returning_Visitor,FALSE
5,398.0666667,1,19.2,17,452,0.059064327,0.070737742,0,0,Aug,2,2,3,4,Returning_Visitor,FALSE
1,51.4,0,0,7,562.3,0,0,36.65735004,0,Jul,1,1,6,2,New_Visitor,TRUE
11,293.6222222,2,42.2,64,1831.942222,0,0.015238095,16.35155923,0,Nov,2,5,3,4,Returning_Visitor,TRUE
3,25,0,0,1,8,0,0.033333333,0,0,Oct,2,5,1,5,New_Visitor,TRUE
5,181.6,2,722.52,98,1717.873278,0.014150943,0.023942797,0,0,Aug,3,2,1,4,Returning_Visitor,FALSE
4,100.0666667,0,0,30,310.3355556,0,0.000480769,28.52395644,0,Jul,2,2,5,2,Returning_Visitor,TRUE
2,63.5,0,0,9,99.06666667,0.036363636,0.072727273,0,0,Oct,1,1,1,4,Returning_Visitor,FALSE
2,78.64980843,0,0,117,4185.096695,0.024119241,0.04298103,2.427453927,0,Jul,2,2,1,1,Returning_Visitor,FALSE
3,326,0,0,19,364.5333333,0,0.027,0,0,Nov,1,1,3,2,Returning_Visitor,FALSE
3,117.85,0,0,9,492.9,0,0.028571429,29.4620883,0,Aug,4,1,1,1,Returning_Visitor,FALSE
0,0,0,0,5,120.79,0,0.00952381,11.80891356,0,June,2,2,1,2,Returning_Visitor,FALSE
12,975.6466667,4,276.08,53,2822.623603,0.006666667,0.017015392,0,0,Sep,3,2,8,2,Returning_Visitor,TRUE
2,15,0,0,44,1412.270833,0.004347826,0.015483092,0,0,Dec,2,2,1,2,New_Visitor,FALSE
0,0,0,0,10,73.5,0.12,0.15,0,0,Dec,3,2,1,13,Returning_Visitor,TRUE
3,77.33333333,2,7,24,1051.291667,0,0.014814815,0,0,Dec,2,13,9,20,Returning_Visitor,FALSE
0,0,0,0,33,1132.791667,0.009090909,0.047474747,0,0,Dec,4,1,3,1,Returning_Visitor,FALSE
5,446.25,0,0,18,815.25,0,0.0025,0,0,Dec,8,13,9,20,Other,FALSE
0,0,0,0,84,2524.194444,0,0.013730159,0,0,Nov,2,2,1,3,Returning_Visitor,FALSE
0,0,0,0,2,9,0,0.1,0,0,Dec,2,2,1,3,Returning_Visitor,FALSE
0,0,0,0,4,202.75,0,0.025,0,0,Nov,3,2,1,13,Returning_Visitor,FALSE
2,38.5,0,0,28,770.3095238,0.026666667,0.035396825,0,0,Nov,1,1,1,3,Returning_Visitor,FALSE
0,0,0,0,12,279.547619,0,0.019047619,0,0,Nov,3,2,1,3,Returning_Visitor,FALSE
0,0,0,0,5,720.5,0.16,0.18,0,0,Nov,3,2,2,13,Returning_Visitor,FALSE
1,43.5,0,0,25,1055.583333,0.007407407,0.022839506,0,0,Dec,1,1,1,2,Returning_Visitor,FALSE
0,0,1,6,71,1375.264286,0.005633803,0.017425336,0,0,Dec,2,2,3,2,New_Visitor,FALSE
0,0,0,0,11,499,0,0.018181818,0,0,Dec,4,1,1,2,Returning_Visitor,FALSE
0,0,0,0,7,87,0,0.028571429,0,0,Dec,8,13,9,20,Other,FALSE
6,416,2,121,94,2881.684524,0.006122449,0.025340136,0,0,Nov,3,2,2,13,Returning_Visitor,FALSE
12,171.2916667,2,55.5,213,7443.407447,0.003958333,0.014633794,0,0,Nov,2,2,1,1,Returning_Visitor,FALSE
1,81,0,0,15,914.5,0,0.014285714,56.5802171,0,Nov,2,2,2,11,Returning_Visitor,TRUE
2,126.75,0,0,22,2281.583333,0.02969697,0.043686869,0,0,Dec,3,2,2,3,Returning_Visitor,FALSE
1,4,4,123.3333333,79,2387.139881,0.028733963,0.046198341,0,0,Nov,3,2,1,13,Returning_Visitor,TRUE
0,0,0,0,28,341.4583333,0,0.007407407,0,0,Dec,2,4,3,10,New_Visitor,FALSE
0,0,0,0,14,267.25,0,0.021428571,0,0,Nov,3,2,1,11,New_Visitor,TRUE
0,0,0,0,10,279.3333333,0.02,0.025,0,0,Nov,3,2,9,2,New_Visitor,FALSE
0,0,0,0,12,846.25,0,0.018181818,40.4014481,0,Dec,2,6,1,6,New_Visitor,FALSE
1,51.5,0,0,12,549.25,0,0.015384615,0,0,Dec,2,2,2,2,New_Visitor,FALSE
7,490.5,0,0,43,1286.916667,0,0.01037037,0,0,Dec,2,2,3,1,New_Visitor,FALSE
5,70.33333333,0,0,29,1049.313889,0.025595238,0.054241071,0,0,Nov,3,2,3,2,Returning_Visitor,TRUE
0,0,4,147.5,45,1424.839744,0.012244898,0.031739553,0,0,Dec,1,1,3,2,Returning_Visitor,TRUE
12,159.8958333,0,0,121,3648.5625,0.001927438,0.009409219,3.322866215,0,Nov,2,2,5,7,Returning_Visitor,FALSE
0,0,0,0,36,756.0416667,0.005555556,0.008950617,0,0,Nov,2,5,1,10,Returning_Visitor,FALSE
0,0,0,0,16,228.625,0,0.015,0,0,Dec,2,2,1,2,New_Visitor,FALSE
0,0,0,0,4,157.5,0,0.05,0,0,Nov,2,4,9,2,Returning_Visitor,FALSE
5,134.75,3,16,165,6323.853465,0.010654414,0.02804138,3.512852934,0,Nov,1,1,1,2,Returning_Visitor,FALSE
1,56.5,0,0,19,1089.75,0,0.003508772,24.872085,0,Dec,2,2,7,2,Returning_Visitor,FALSE
27,853.735949,2,126.5,584,24844.1562,0.00209938,0.009346937,4.511100422,0,Nov,2,4,3,8,Returning_Visitor,FALSE
0,0,0,0,3,59,0,0.066666667,0,0,Dec,1,1,3,2,Other,FALSE
1,111,0,0,13,274.5833333,0,0.016666667,0,0,Nov,1,1,1,2,New_Visitor,FALSE
0,0,0,0,32,749.25,0,0.00625,0,0,Dec,2,2,3,8,New_Visitor,FALSE
0,0,0,0,27,1165.95,0.025925926,0.044444444,0,0,Dec,2,5,3,1,Returning_Visitor,TRUE
0,0,0,0,90,2636.138889,0.023333333,0.045777778,0,0,Nov,2,2,1,2,Returning_Visitor,FALSE
0,0,0,0,24,452.4166667,0,0.020833333,0,0,Nov,2,2,3,2,Returning_Visitor,TRUE
8,671.0833333,0,0,32,1403.828355,0,0.003153153,37.05600958,0,Nov,2,2,3,2,Returning_Visitor,FALSE
0,0,0,0,3,46,0,0.033333333,0,0,Dec,1,2,3,2,Returning_Visitor,FALSE
1,0,2,6.5,63,5826.333333,0.000793651,0.026719577,0,0,Nov,3,2,1,3,Returning_Visitor,TRUE
0,0,0,0,6,198.75,0.016666667,0.023333333,0,0,Nov,2,5,7,3,Returning_Visitor,TRUE
0,0,0,0,2,11,0,0.1,0,0,Dec,2,4,1,2,Returning_Visitor,FALSE
4,32,1,43.5,311,12500.35306,0.001387656,0.014687275,0,0,Nov,2,2,7,2,Returning_Visitor,FALSE
3,21,0,0,17,256.95,0,0.02,0,0,Nov,2,4,1,8,New_Visitor,TRUE
6,221.8333333,1,51.5,39,841.7833333,0.005426357,0.017585825,0,0,Dec,1,2,8,1,Returning_Visitor,FALSE
9,328.75,0,0,108,2793.733084,0.001949318,0.019205066,0,0,Nov,2,2,1,3,Returning_Visitor,FALSE
0,0,0,0,39,1779.886905,0.01025641,0.028972694,0,0,Dec,1,1,4,2,Returning_Visitor,TRUE
0,0,0,0,90,3111.683333,0,0.013249672,0,0,Nov,2,4,1,2,Returning_Visitor,TRUE
0,0,0,0,2,0,0.2,0.2,0,0,Dec,2,2,1,13,Returning_Visitor,FALSE
12,337.5416667,2,23,32,1249.866144,0.0055,0.02577466,0,0,Dec,2,2,1,2,Returning_Visitor,FALSE
3,171,0,0,31,441.1369048,0,0.008823529,0,0,Dec,2,2,1,20,Returning_Visitor,FALSE
4,121.5,0,0,2,34,0,0.023809524,0,0,Nov,2,2,9,8,New_Visitor,FALSE
0,0,0,0,1,0,0.2,0.2,0,0,Dec,2,2,6,13,Returning_Visitor,FALSE
0,0,0,0,25,1344.291667,0,0.008695652,0,0,Nov,2,4,1,8,Returning_Visitor,FALSE
4,28.5,0,0,20,500.5,0,0.029824561,0,0,Nov,4,1,2,1,Returning_Visitor,TRUE
0,0,0,0,1,0,0.2,0.2,0,0,Dec,3,2,7,2,Returning_Visitor,FALSE
0,0,0,0,38,1656.615043,0.018421053,0.04154591,0,0,Dec,3,2,2,2,Returning_Visitor,TRUE
0,0,0,0,18,909.75,0.022222222,0.048148148,0,0,Nov,3,2,1,3,Returning_Visitor,FALSE
3,36,0,0,3,29.5,0,0.04,0,0,Nov,2,10,3,2,Other,FALSE
4,64.46428571,0,0,29,1414.589286,0,0.0125,21.05431578,0,Dec,2,2,1,2,Returning_Visitor,FALSE
3,315.3333333,1,141.5,42,3009.0875,0.004021164,0.0323655,0,0,Nov,1,1,1,1,Returning_Visitor,FALSE
7,268.4166667,0,0,41,1124.875,0,0.011904762,0,0,Nov,2,2,9,2,Returning_Visitor,FALSE
0,0,1,249.5,33,1458.97619,0.027459219,0.041167134,0,0,Dec,1,1,1,10,Returning_Visitor,FALSE
2,530.5,2,9,9,452.25,0.026666667,0.053333333,0,0,Dec,1,1,7,2,Returning_Visitor,FALSE
0,0,0,0,9,269.75,0.022222222,0.048148148,0,0,Dec,3,2,5,6,Returning_Visitor,FALSE
1,20,0,0,38,1264,0,0.028947368,31.48142512,0,Dec,2,6,9,3,Returning_Visitor,FALSE
0,0,0,0,34,508.558547,0.014705882,0.027528909,0,0,Dec,2,2,3,10,Returning_Visitor,FALSE
0,0,0,0,1,0,0.2,0.2,0,0,Dec,3,2,7,1,Returning_Visitor,FALSE
1,0,2,11,50,1799.666667,0.056410256,0.083012821,0,0,Dec,1,1,1,3,Returning_Visitor,FALSE
0,0,0,0,2,53.5,0.05,0.15,0,0,Dec,3,3,5,20,Returning_Visitor,FALSE
0,0,0,0,34,920.55,0.030588235,0.042913165,0,0,Dec,3,2,1,1,Returning_Visitor,TRUE
0,0,1,24.5,46,1031.133333,0.004680851,0.034267293,0,0,Nov,2,2,3,2,Returning_Visitor,TRUE
4,68.5,0,0,152,5426.823764,0.005228758,0.018756793,0,0,Nov,2,2,4,10,Returning_Visitor,FALSE
7,718,0,0,15,644.25,0.005263158,0.01754386,0,0,Nov,2,2,1,2,Returning_Visitor,FALSE
0,0,0,0,2,301,0,0.033333333,0,0,Nov,1,1,1,3,Returning_Visitor,FALSE
2,14.75,0,0,32,839.4305556,0.012903226,0.028602151,13.91276554,0,Nov,2,2,6,1,Returning_Visitor,FALSE
4,99.33333333,0,0,15,715.875,0.010526316,0.052631579,0,0,Dec,2,5,4,2,Returning_Visitor,FALSE
0,0,0,0,6,339.5,0,0.033333333,0,0,Nov,2,2,1,3,Returning_Visitor,FALSE
0,0,0,0,140,4096.090152,0.003809524,0.011870748,0,0,Nov,2,5,7,1,Returning_Visitor,FALSE
0,0,0,0,13,555.5029412,0.036363636,0.020095694,47.99199256,0,Nov,4,2,4,2,New_Visitor,FALSE
0,0,0,0,5,44.5,0.12,0.16,0,0,Nov,1,1,1,3,Returning_Visitor,FALSE
0,0,0,0,4,17,0.1,0.15,0,0,Dec,2,2,1,1,Returning_Visitor,FALSE
0,0,0,0,4,54.5,0.1,0.15,0,0,Nov,2,2,1,10,Returning_Visitor,FALSE
0,0,0,0,11,135.225,0,0.009090909,0,0,Nov,3,2,2,10,Returning_Visitor,FALSE
0,0,0,0,38,624.5,0.005263158,0.021052632,0,0,Nov,4,1,9,3,Returning_Visitor,FALSE
6,316,0,0,69,1618.532967,0.005555556,0.027698413,0,0,Nov,2,5,1,1,Returning_Visitor,FALSE
0,0,0,0,3,164,0,0.066666667,0,0,Nov,1,1,1,3,Returning_Visitor,TRUE
5,471.25,0,0,21,883,0,0.010666667,44.98081787,0,Nov,1,1,2,8,New_Visitor,TRUE
1,34.5,0,0,18,3026.374242,0,0.005263158,38.92648303,0,Dec,1,1,3,2,Returning_Visitor,FALSE
13,210.427451,9,435.45,154,6515.45431,0.00867052,0.017328726,2.982410939,0,Nov,3,2,1,2,Returning_Visitor,FALSE
0,0,0,0,7,270.75,0,0.057142857,0,0,Dec,1,1,4,2,Returning_Visitor,TRUE
0,0,3,1830.5,81,5000.739116,0.003294118,0.020433155,0,0,Nov,2,2,3,2,Returning_Visitor,TRUE
6,197.25,0,0,51,3296.940476,0,0.008595388,3.507532249,0,Nov,1,1,1,3,Returning_Visitor,TRUE
0,0,0,0,62,2787.678571,0.003225806,0.015591398,57.48364657,0,Nov,4,2,1,1,Returning_Visitor,TRUE
4,95.75,12,886.25,154,7838.556598,0.00376506,0.014926307,0,0,Nov,3,2,6,2,Returning_Visitor,TRUE
0,0,0,0,7,42,0.057142857,0.085714286,0,0,Dec,2,4,6,1,Returning_Visitor,TRUE
1,36,1,74,98,7712.375,0,0.012431818,15.3498858,0,Dec,2,10,4,2,Returning_Visitor,FALSE
0,0,3,103.5,30,1093.175,0.0125,0.028125,0,0,Dec,2,2,1,2,Returning_Visitor,TRUE
2,48.1875,4,121.5,51,1792.814481,0.003571429,0.01186886,60.07483189,0,Nov,3,2,1,2,Returning_Visitor,TRUE
0,0,0,0,3,578,0,0.066666667,0,0,Nov,1,1,1,1,Returning_Visitor,FALSE
9,126.2631579,2,50.83333333,59,2004.371491,0.008695652,0.030961792,0,0,Dec,2,2,6,3,Returning_Visitor,FALSE
0,0,0,0,8,29.16666667,0,0.1,0,0,Dec,2,2,3,2,Returning_Visitor,FALSE
0,0,0,0,28,447,0,0.033333333,0,0,Nov,2,2,7,10,Returning_Visitor,FALSE
0,0,0,0,1,0,0,0.2,0,0,Dec,3,2,4,1,Returning_Visitor,FALSE
11,631.4166667,5,1037.15,501,21672.24425,0.003964723,0.014292461,9.131386805,0,Nov,2,2,1,2,Returning_Visitor,FALSE
0,0,0,0,3,30,0,0.033333333,0,0,Dec,1,1,3,1,Returning_Visitor,FALSE
0,0,0,0,11,124.2166667,0,0.075757576,0,0,Dec,1,1,3,1,Returning_Visitor,FALSE
10,214.6214286,1,114,36,673.6380952,0.019379845,0.032443035,0,0,Nov,1,1,1,2,Returning_Visitor,FALSE
6,62.75,0,0,46,1098.524802,0.007083333,0.016529882,0,0,Nov,1,1,4,8,Returning_Visitor,FALSE
0,0,0,0,12,364.75,0.025,0.025,0,0,Nov,2,6,3,2,Returning_Visitor,FALSE
0,0,0,0,3,53,0.066666667,0.088888889,0,0,Nov,1,1,3,2,Returning_Visitor,TRUE
1,67.5,1,0,11,816.5,0,0.016666667,0,0,Dec,1,1,6,2,New_Visitor,FALSE
6,169.7916667,0,0,32,1547.625,0,0.013157895,23.53105656,0,Dec,2,2,1,1,Returning_Visitor,FALSE
0,0,0,0,3,139,0,0.066666667,127.3080148,0,Dec,2,10,1,2,Returning_Visitor,FALSE
0,0,0,0,10,677.6666667,0,0.022222222,0,0,Dec,4,1,3,2,New_Visitor,FALSE
8,152,0,0,4,72.5,0,0.00952381,0,0,Nov,2,2,1,8,New_Visitor,FALSE
1,13.75,0,0,32,855.5416667,0.000840336,0.027058824,22.95499447,0,Nov,2,2,2,6,Returning_Visitor,FALSE
1,76.75,0,0,33,1356.458333,0,0.020833333,0,0,Nov,2,2,1,10,Returning_Visitor,TRUE
0,0,0,0,13,221.5,0,0.020512821,0,0,Nov,2,2,1,2,New_Visitor,FALSE
8,222.875,4,285.625,31,1622.883333,0.005405405,0.017488397,15.26399679,0,Dec,3,2,1,2,Returning_Visitor,FALSE
3,88,0,0,7,64,0,0.022222222,0,0,Dec,3,2,1,2,New_Visitor,FALSE
13,278.1519608,1,46.5,150,5575.614608,7.27E-05,0.017155355,1.529570511,0,Dec,2,2,2,1,Returning_Visitor,FALSE
0,0,0,0,4,18,0.05,0.1,0,0,Nov,2,2,1,13,Returning_Visitor,FALSE
1,10,0,0,9,700,0,0.011111111,29.62188989,0,Dec,2,2,9,10,Returning_Visitor,FALSE
2,57.5,0,0,16,1226,0,0.0125,143.4766783,0,Dec,2,2,9,2,New_Visitor,TRUE
0,0,0,0,60,2606.779545,0.006666667,0.021944444,0,0,Dec,2,2,3,2,Returning_Visitor,FALSE
0,0,1,10,88,2366.192105,0.01247191,0.030501264,0,0,Nov,2,4,7,1,Returning_Visitor,FALSE
8,269.0416667,3,64.5,171,6400.430101,0.006967985,0.017556729,4.213364204,0,Nov,1,1,1,1,Returning_Visitor,FALSE
10,303.9279762,0,0,82,1853.286538,0,0.015957265,11.01940759,0,Dec,2,2,3,2,Returning_Visitor,FALSE
0,0,0,0,12,312.35,0,0.041666667,0,0,Nov,2,2,1,2,Returning_Visitor,FALSE
0,0,0,0,49,2259.047619,0.008163265,0.034693878,0,0,Nov,2,2,8,1,Returning_Visitor,FALSE
0,0,0,0,1,0,0.2,0.2,0,0,Nov,2,2,6,2,Returning_Visitor,FALSE
1,65.5,0,0,51,1544.855159,0.012244898,0.027755102,0,0,Nov,3,2,1,1,Returning_Visitor,TRUE
0,0,0,0,6,254.5,0,0.033333333,0,0,Nov,2,2,1,2,New_Visitor,FALSE
3,34,0,0,17,161.55,0,0.018518519,0,0,Nov,2,2,5,2,Returning_Visitor,TRUE
0,0,0,0,29,2374.5,0,0.002298851,0,0,Nov,2,5,1,2,Returning_Visitor,FALSE
3,129,0,0,74,2378.263492,0.005333333,0.025042424,4.141458811,0,Nov,2,6,9,1,Returning_Visitor,FALSE
4,31.70833333,1,4,51,946.3934211,0.02254902,0.035630252,10.37175846,0,Nov,1,1,3,2,Returning_Visitor,FALSE
0,0,0,0,11,925.8988095,0.02,0.02952381,0,0,Nov,3,2,2,2,Returning_Visitor,FALSE
0,0,0,0,30,4262.966667,0,0.013333333,65.29516039,0,Dec,2,10,7,1,Returning_Visitor,TRUE
14,324,2,40.5,12,338.25,0,0.002380952,0,0,Dec,1,1,1,10,Returning_Visitor,TRUE
0,0,0,0,4,42,0,0.05,0,0,Dec,2,10,1,2,Returning_Visitor,FALSE
0,0,0,0,8,126.25,0,0.05,0,0,Dec,2,2,3,2,New_Visitor,TRUE
0,0,0,0,2,11.5,0,0.1,0,0,Dec,3,2,1,2,Returning_Visitor,TRUE
0,0,0,0,14,1071.083333,0.014285714,0.029047619,0,0,Dec,2,2,7,2,Returning_Visitor,FALSE
3,86,0,0,27,3188.483333,0.017241379,0.031034483,0,0,Dec,2,5,4,2,Returning_Visitor,FALSE
2,109,0,0,9,652.5,0,0.036363636,0,0,Dec,2,2,3,2,Returning_Visitor,FALSE
7,722.2083333,9,151.5,238,10340.36916,0.002419355,0.016345046,3.851653215,0,Dec,2,2,4,1,Returning_Visitor,FALSE
0,0,0,0,1,0,0.2,0.2,0,0,Dec,2,2,1,3,Returning_Visitor,FALSE
4,353.5,0,0,24,583.0833333,0,0.007692308,0,0,Nov,1,1,1,2,Returning_Visitor,FALSE
0,0,1,1729,19,1401.083333,0.02,0.05,0,0,Dec,2,2,1,3,Returning_Visitor,FALSE
3,103.0833333,2,39.25,39,1406.95,0.01533101,0.039562226,5.606382766,0,Nov,3,2,5,2,Returning_Visitor,FALSE
0,0,0,0,64,1690.778409,0.014285714,0.025219349,0,0,Dec,1,1,3,2,Returning_Visitor,FALSE
5,161.35,0,0,18,251.9,0,0.03015873,0,0,Nov,1,1,1,2,Returning_Visitor,TRUE
0,0,0,0,61,1964.847222,0.021311475,0.041065574,0,0,Nov,3,2,2,13,Returning_Visitor,FALSE
13,293.5785714,3,26,161,3457.628812,0.006140351,0.018923933,15.988034,0,Nov,2,5,7,2,Returning_Visitor,TRUE
0,0,0,0,16,885.75,0,0.025,0,0,Dec,2,2,1,2,Returning_Visitor,TRUE
5,170.25,0,0,55,3057.045833,0.011666667,0.018737892,0,0,Nov,2,2,4,2,Returning_Visitor,FALSE
7,42,0,0,23,502.525,0.007142857,0.021428571,0,0,Nov,2,5,3,3,Returning_Visitor,TRUE
0,0,0,0,64,4492.311111,0.004761905,0.022705971,0,0,Nov,2,2,3,2,Returning_Visitor,FALSE
5,426.7,1,200,72,4140.333766,0.001315789,0.024597953,0,0,Nov,3,2,4,2,Returning_Visitor,FALSE
0,0,0,0,15,325.5,0.02,0.058666667,0,0,Dec,2,2,1,1,Returning_Visitor,FALSE
5,87.75,0,0,6,135.0833333,0,0.009090909,0,0,Nov,1,1,2,2,New_Visitor,TRUE
0,0,0,0,7,105,0,0.033333333,0,0,Dec,2,2,1,8,New_Visitor,FALSE
0,0,0,0,4,72.5,0,0.05,0,0,Dec,1,1,8,10,Returning_Visitor,FALSE
1,51.5,0,0,27,818.3166667,0.007407407,0.017354497,0,0,Nov,3,2,1,13,Returning_Visitor,FALSE
6,167,0,0,71,1445.458333,0.004054054,0.013963964,12.30811748,0,Nov,3,2,1,10,Returning_Visitor,FALSE
5,943,2,16,7,935.6666667,0,0.0375,0,0,Nov,2,2,3,6,Returning_Visitor,TRUE
0,0,2,22,41,979.375,0.004651163,0.009302326,0,0,Nov,2,2,3,2,Returning_Visitor,TRUE
16,180.6666667,1,649.25,113,8041.58887,0.007936508,0.026808161,0,0,Dec,2,6,7,1,Returning_Visitor,FALSE
0,0,0,0,38,1244.35,0.039473684,0.053909774,0,0,Dec,1,1,1,2,Returning_Visitor,FALSE
5,180.5,0,0,28,1070.625,0,0.022427035,0,0,Dec,3,2,6,3,Returning_Visitor,FALSE
3,131.5,0,0,94,2332.109524,0.001030928,0.009450172,0,0,Nov,2,2,9,10,Returning_Visitor,FALSE
0,0,0,0,53,1768.657051,0,0.003921569,0,0,Nov,2,4,3,2,Returning_Visitor,FALSE
0,0,0,0,19,2177.333333,0,0.010526316,0,0,Dec,2,4,1,2,New_Visitor,FALSE
0,0,0,0,20,691.75,0,0.003333333,0,0,Dec,3,2,4,2,New_Visitor,FALSE
0,0,0,0,40,2046.832418,0.004166667,0.033880952,0,0,Nov,1,8,1,11,Returning_Visitor,FALSE
0,0,0,0,1,0,0.2,0.2,0,0,Dec,3,2,4,13,Returning_Visitor,FALSE
1,7.5,0,0,63,3060.055556,0.024623656,0.03604734,0,0,Nov,3,2,1,3,Returning_Visitor,FALSE
10,322.8333333,1,12,28,866.2166667,0.006451613,0.012903226,0,0,Dec,2,4,7,1,Returning_Visitor,FALSE
0,0,0,0,8,188,0.05,0.0875,0,0,Dec,1,1,2,1,Returning_Visitor,FALSE
1,65.5,1,0,82,5316.459524,0.005,0.01125,77.25951671,0,Nov,1,1,9,3,Returning_Visitor,TRUE
0,0,0,0,9,591.25,0,0.022222222,0,0,Dec,2,2,6,13,Returning_Visitor,FALSE
8,183.0833333,1,40.5,349,6879.801826,0.000568182,0.004306345,1.625051033,0,Nov,4,2,9,10,Returning_Visitor,FALSE
2,34,0,0,35,1907.135417,0.006944444,0.021993464,64.25350176,0,Dec,2,2,1,10,Returning_Visitor,TRUE
4,45,0,0,7,246.5,0.03,0.03,0,0,Dec,2,2,1,2,Returning_Visitor,FALSE
2,49.7,1,0,64,1991.822567,0.014830918,0.022398206,21.74053053,0,Nov,1,1,1,2,Returning_Visitor,TRUE
7,121,0,0,16,589.875,0,0.00952381,0,0,Dec,2,6,1,2,Returning_Visitor,TRUE
2,45.25,1,0,42,4126.448611,0.000775194,0.013436693,0,0,Dec,2,2,7,2,Returning_Visitor,FALSE
0,0,0,0,53,5504.695238,0.011538462,0.031446886,12.32661404,0,Nov,2,2,1,1,Returning_Visitor,FALSE
2,17,2,1231,8,27.375,0.038888889,0.088888889,0,0,Nov,2,2,1,11,Returning_Visitor,FALSE
5,66.4,0,0,39,742.6875,0,0.015217391,71.38981221,0,Dec,2,2,4,3,Returning_Visitor,FALSE
0,0,1,0,26,668.5,0,0.007407407,0,0,Nov,2,2,3,1,Returning_Visitor,FALSE
0,0,0,0,21,1088.866667,0,0.010526316,16.1585582,0,Nov,3,2,1,2,Returning_Visitor,TRUE
2,90,1,48.5,40,3789.583333,0,0.023170732,0,0,Dec,2,2,4,2,Returning_Visitor,TRUE
0,0,0,0,13,129.5,0.015384615,0.053846154,0,0,Nov,2,2,3,1,Returning_Visitor,FALSE
6,104.5,0,0,11,1206.75,0,0.013333333,0,0,Dec,4,1,4,8,New_Visitor,FALSE
18,261.1619048,0,0,58,1992.717308,0.008955224,0.015829187,0,0,Nov,3,2,6,2,Returning_Visitor,FALSE
0,0,0,0,12,442.5,0,0.008333333,0,0,Nov,2,2,1,2,New_Visitor,FALSE
1,55.5,0,0,53,4048.583333,0.007843137,0.015490196,0,0,Dec,4,1,1,1,Returning_Visitor,FALSE
0,0,0,0,3,60.5,0.1,0.1,0,0,Nov,3,2,6,6,Returning_Visitor,FALSE
0,0,0,0,1,0,0.2,0.2,0,0,Nov,2,2,6,10,Returning_Visitor,FALSE
0,0,0,0,26,1435.375,0,0.020833333,20.79483821,0,Dec,2,2,4,2,Returning_Visitor,FALSE
0,0,0,0,9,258.2916667,0,0.022222222,0,0,Nov,2,5,3,2,Returning_Visitor,FALSE
1,70.5,0,0,12,541.5357143,0,0.008333333,115.7819471,0,Nov,2,5,3,2,New_Visitor,TRUE
2,41.5,1,57.5,19,2689.625,0,0.024242424,0,0,Dec,2,2,3,2,Returning_Visitor,FALSE
4,63.75,0,0,13,774.7288136,0,0.012150434,0,0,Nov,2,2,6,2,Returning_Visitor,FALSE
0,0,0,0,5,62.75,0,0.04,0,0,Dec,2,2,6,2,Returning_Visitor,TRUE
2,104,1,136.5,12,977.5333333,0,0.015384615,0,0,Dec,2,2,1,2,Returning_Visitor,FALSE
0,0,0,0,7,162.25,0.071428571,0.09047619,0,0,Dec,2,2,3,3,Returning_Visitor,FALSE
2,29.75,0,0,33,689.202381,0.001010101,0.027020202,0,0,Dec,2,2,2,2,Returning_Visitor,FALSE
0,0,0,0,6,123.75,0,0.011111111,0,0,Dec,2,2,7,6,Returning_Visitor,FALSE
0,0,0,0,2,22,0,0.1,0,0,Dec,2,2,3,1,Returning_Visitor,FALSE
3,179,0,0,15,432.75,0,0.011111111,0,0,Dec,2,2,1,2,New_Visitor,FALSE
0,0,0,0,17,212.25,0,0.023529412,0,0,Dec,2,2,1,20,Returning_Visitor,FALSE
21,1079.184314,4,176.5,67,2162.840879,0.007407407,0.018259847,0.548811351,0,Nov,3,2,1,11,Returning_Visitor,TRUE
0,0,0,0,9,396.1666667,0,0.022222222,0,0,Nov,3,2,8,13,Other,FALSE
6,81.54166667,0,0,23,808.0416667,0.000833333,0.044166667,0,0,Dec,2,2,7,8,Returning_Visitor,TRUE
3,52.75,0,0,31,3069.077778,0.006451613,0.020537634,5.793026792,0,Nov,1,1,3,2,Returning_Visitor,FALSE
0,0,0,0,39,1346.966667,0,0.005128205,67.02771302,0,Dec,1,1,4,2,New_Visitor,FALSE
0,0,0,0,4,60.5,0.1,0.15,0,0,Nov,1,1,1,1,Returning_Visitor,FALSE
0,0,4,82.5,22,1087.986111,0.007692308,0.020244755,0,0,Nov,3,2,3,2,Returning_Visitor,FALSE
0,0,0,0,20,1245.57619,0,0.005263158,0,0,Nov,3,2,1,3,Returning_Visitor,FALSE
0,0,0,0,21,476.8666667,0.00952381,0.034126984,0,0,Nov,3,2,1,2,Returning_Visitor,TRUE
0,0,0,0,11,435.3333333,0.063636364,0.104242424,0,0,Nov,1,1,1,3,Returning_Visitor,FALSE
4,101.3333333,7,693.5,171,9119.885413,0.00441989,0.021627971,0.686565227,0,Dec,2,2,3,10,Returning_Visitor,FALSE
1,3,0,0,11,1046.666667,0.005555556,0.025,0,0,Nov,3,2,1,10,Returning_Visitor,TRUE
1,30.5,0,0,324,14213.63652,0.002063983,0.010072239,4.485584737,0,Nov,2,2,9,1,Returning_Visitor,TRUE
0,0,0,0,45,1682.25,0.026666667,0.057777778,0,0,Nov,2,2,4,1,Returning_Visitor,FALSE
0,0,0,0,14,208.9,0,0.014285714,0,0,Nov,1,8,4,11,Returning_Visitor,TRUE
2,56.5,0,0,12,544.8333333,0,0.007142857,31.38886179,0,Dec,1,2,1,2,Other,TRUE
0,0,0,0,21,289.5,0.00952381,0.038095238,0,0,Dec,2,2,6,10,Returning_Visitor,FALSE
0,0,0,0,1,0,0.2,0.2,0,0,Nov,1,1,3,2,Returning_Visitor,FALSE
0,0,0,0,68,1806.166667,0.004411765,0.027941176,0,0,Nov,2,2,2,13,Returning_Visitor,TRUE
2,167.8888889,2,825.5,117,5256.472341,0.004030055,0.014604028,3.187495058,0,Nov,3,2,5,8,Returning_Visitor,FALSE
0,0,0,0,21,304.5416667,0.00952381,0.023809524,0,0,Dec,2,2,3,10,Returning_Visitor,FALSE
0,0,0,0,7,113.25,0.00952381,0.080952381,0,0,Dec,2,2,4,10,Returning_Visitor,FALSE
0,0,0,0,20,2846.833333,0.006666667,0.0475,0,0,Nov,2,2,3,1,Returning_Visitor,FALSE
2,55.375,1,566,29,1978.14881,0.001904762,0.016222222,0,0,Nov,3,2,1,10,Returning_Visitor,FALSE
2,100,6,131,63,2611.651923,0,0.002985075,0,0,Dec,1,1,6,2,Returning_Visitor,FALSE
0,0,0,0,10,357.5555556,0,0.022222222,0,0,Dec,1,8,3,11,New_Visitor,FALSE
0,0,0,0,5,41.66666667,0,0.04,0,0,Dec,2,2,4,2,New_Visitor,FALSE
12,394.1,0,0,30,917.25,0,0.005405405,0,0,Nov,2,2,1,2,New_Visitor,TRUE
0,0,0,0,13,135.875,0.030769231,0.076923077,0,0,Nov,1,2,1,1,Returning_Visitor,TRUE
1,11,0,0,26,651.0666667,0,0.016666667,0,0,Nov,4,2,1,3,Returning_Visitor,FALSE
0,0,0,0,6,77,0.083333333,0.116666667,0,0,Dec,2,2,3,13,Returning_Visitor,FALSE
7,154,3,248.1666667,34,886.4791667,0,0.005128205,77.801588,0,Dec,2,2,1,2,New_Visitor,FALSE
0,0,0,0,6,203,0,0.033333333,0,0,Nov,4,1,2,3,Returning_Visitor,FALSE
0,0,0,0,74,2719.734091,0.008108108,0.024324324,0,0,Nov,2,2,5,1,Returning_Visitor,FALSE
7,86.27777778,2,21,80,2170.286706,0.003571429,0.021527778,25.76598645,0,Nov,3,2,1,10,Returning_Visitor,TRUE
2,25,0,0,25,243.1666667,0.016666667,0.057283951,0,0,Nov,2,2,3,6,Returning_Visitor,FALSE
2,144.5,0,0,7,416.5,0.044444444,0.031111111,0,0,Nov,3,2,3,8,Returning_Visitor,TRUE
1,6,0,0,6,125,0,0.057142857,0,0,Dec,2,2,6,1,Returning_Visitor,FALSE
0,0,0,0,8,183,0,0.00625,0,0,Dec,2,4,4,1,Returning_Visitor,FALSE
3,84.5,0,0,6,53.375,0.05,0.035,0,0,Nov,1,1,3,10,Returning_Visitor,TRUE
6,218.5714286,0,0,35,1760.613095,0,0.01375,16.81772593,0,Nov,2,2,3,2,Returning_Visitor,FALSE
2,324.5,1,0,21,696.225,0.008333333,0.018055556,0,0,Nov,1,1,4,2,Returning_Visitor,FALSE
0,0,0,0,5,168.9,0,0.011428571,0,0,Dec,3,2,1,2,New_Visitor,FALSE
5,176.25,0,0,13,1183.05,0,0.0375,0,0,Dec,2,2,1,2,Returning_Visitor,FALSE
0,0,0,0,2,0,0.2,0.2,0,0,Nov,1,1,8,1,Returning_Visitor,FALSE
0,0,0,0,5,62.5,0,0.04,0,0,Nov,2,2,1,8,New_Visitor,FALSE
0,0,1,0,0,0,0.2,0.2,0,0,Nov,1,1,3,15,Returning_Visitor,FALSE
4,189.6666667,0,0,27,687.5,0,0.005069124,0,0,Dec,2,2,3,2,New_Visitor,FALSE
0,0,0,0,1,0,0.2,0.2,0,0,Nov,3,2,3,2,Returning_Visitor,FALSE
5,501.75,0,0,18,628.5833333,0.004761905,0.012698413,37.02263046,0,Nov,2,2,3,3,Returning_Visitor,FALSE
0,0,0,0,8,427.75,0,0.0125,0,0,Dec,4,2,1,2,New_Visitor,FALSE
8,108.8333333,0,0,21,780.5833333,0.008695652,0.017391304,25.03946022,0,Nov,2,5,1,3,New_Visitor,FALSE
0,0,1,5,27,1095.658333,0.017857143,0.01547619,60.73155753,0,Nov,1,1,1,10,Returning_Visitor,TRUE
1,4,0,0,164,5767.465043,0.003636364,0.009348691,52.38420388,0,Nov,2,2,1,1,Returning_Visitor,FALSE
10,138.75,0,0,69,2464.294444,0,0.000544218,0,0,Dec,2,2,3,2,New_Visitor,FALSE
2,143.25,0,0,38,2508.413853,0,0.00745614,54.16451768,0,Nov,2,2,7,2,Returning_Visitor,FALSE
3,197.5,0,0,15,343.25,0.011764706,0.029411765,0,0,Dec,2,4,4,2,Returning_Visitor,FALSE
2,190.75,0,0,36,1604.791667,0,0.012719298,0,0,Dec,3,2,1,2,Returning_Visitor,TRUE
2,32.83333333,0,0,16,877.6666667,0.004166667,0.020208333,0,0,Nov,3,2,6,6,Returning_Visitor,TRUE
0,0,0,0,7,242.75,0.014285714,0.047619048,0,0,Nov,3,2,3,11,Returning_Visitor,TRUE
0,0,0,0,21,677,0.005,0.026666667,0,0,Dec,2,2,7,1,Returning_Visitor,FALSE
1,142.5,1,48.5,9,733.25,0,0.018181818,0,0,Dec,1,1,8,2,New_Visitor,TRUE
0,0,0,0,3,71.16666667,0.066666667,0.083333333,0,0,Nov,3,2,1,3,Returning_Visitor,FALSE
0,0,0,0,14,263.175,0,0.021428571,0,0,Nov,5,11,1,8,Returning_Visitor,FALSE
14,321.2666667,4,230,39,2310.083333,0.005769231,0.02702758,27.03298037,0,Nov,1,1,1,2,Returning_Visitor,FALSE
9,296.1166667,1,26.5,79,5057.175,0.002298851,0.022687466,17.78922266,0,Nov,2,2,1,10,Returning_Visitor,FALSE
4,207.5,0,0,2,56.5,0,0.02,0,0,Dec,3,2,2,2,New_Visitor,TRUE
0,0,0,0,1,0,0.2,0.2,0,0,Nov,2,2,1,1,Returning_Visitor,FALSE
4,27,0,0,9,79.25,0,0.046153846,0,0,Nov,2,2,3,1,Returning_Visitor,FALSE
0,0,0,0,2,0,0.2,0.2,0,0,Nov,3,2,9,1,Returning_Visitor,FALSE
0,0,0,0,10,199.6666667,0.01,0.045,0,0,Nov,3,2,4,3,Returning_Visitor,FALSE
8,108.3844538,0,0,65,2008.900974,0.001449275,0.02037037,17.43149651,0,Dec,2,2,3,2,Returning_Visitor,FALSE
0,0,0,0,10,444.5,0,0.02,13.9394091,0,Nov,2,2,1,1,Returning_Visitor,FALSE
0,0,0,0,5,23,0.12,0.16,0,0,Dec,1,1,1,3,Returning_Visitor,FALSE
0,0,0,0,6,1098.5,0.066666667,0.1,0,0,Dec,2,2,7,1,Returning_Visitor,FALSE
0,0,2,686,11,288.125,0.030769231,0.066666667,0,0,Dec,4,1,3,3,Returning_Visitor,FALSE
2,31,0,0,88,5321.441032,0.016853933,0.019314057,25.74700712,0,Nov,3,2,1,2,Returning_Visitor,FALSE
0,0,0,0,40,1699.583333,0.023076923,0.033799534,0,0,Nov,2,2,3,1,Returning_Visitor,TRUE
0,0,0,0,13,541.9166667,0,0.015384615,26.09995422,0,Dec,2,4,1,2,New_Visitor,FALSE
0,0,2,63.5,14,376,0.0375,0.040625,0,0,Nov,2,2,2,11,Returning_Visitor,TRUE
3,171.375,0,0,29,1343.946429,0.035714286,0.034983766,0,0,Nov,3,2,8,13,Returning_Visitor,TRUE
1,105,1,0,59,1125.904762,0,0.014043584,0,0,Dec,3,2,3,2,Returning_Visitor,FALSE
1,27.33333333,1,0,4,78.83333333,0,0.044444444,0,0,Nov,1,2,8,2,Returning_Visitor,FALSE
0,0,3,27,45,1218.030952,0.023333333,0.047679739,0,0,Dec,2,2,7,1,Returning_Visitor,TRUE
2,18.75,4,355.5,57,1182.590278,0.015384615,0.027094017,14.15437174,0,Nov,1,1,1,10,Returning_Visitor,FALSE
1,5,0,0,108,2367.4,0,0.003773585,0,0,Dec,2,2,1,2,New_Visitor,TRUE
3,63.5,0,0,8,253.25,0,0.02,0,0,Dec,2,2,7,2,New_Visitor,FALSE
0,0,0,0,2,138.5,0,0.1,0,0,Nov,3,2,4,11,Returning_Visitor,TRUE
0,0,0,0,24,810.5,0,0.017207792,0,0,Nov,1,1,1,3,Returning_Visitor,TRUE
0,0,0,0,15,803.3333333,0,0.038888889,0,0,Dec,4,1,1,2,Returning_Visitor,FALSE
1,104,0,0,5,152.5,0.028571429,0.057142857,64.95645099,0,Dec,2,13,9,20,Returning_Visitor,FALSE
15,444.4444444,0,0,32,641.6944444,0.024738676,0.04411104,0,0,Nov,3,2,1,13,Returning_Visitor,FALSE
2,52.5,0,0,10,753.1,0,0.02,0,0,Nov,2,2,1,2,Returning_Visitor,FALSE
5,43.5,0,0,6,110.3333333,0,0.02,0,0,Dec,2,2,8,8,New_Visitor,TRUE
0,0,0,0,10,383.5,0,0.022222222,0,0,Nov,1,1,1,2,New_Visitor,FALSE
9,124,1,61.5,25,432.1666667,0,0.007692308,0,0,Dec,2,2,8,2,New_Visitor,FALSE
0,0,0,0,8,140.25,0.121428571,0.14375,0,0,Dec,3,2,2,13,Returning_Visitor,FALSE
0,0,0,0,3,57.75,0,0.033333333,0,0,Nov,1,1,6,2,Returning_Visitor,FALSE
0,0,0,0,1,0,0.2,0.2,0,0,Nov,1,1,3,8,Returning_Visitor,FALSE
9,210.625,3,143.5,167,8249.106771,0.006940472,0.021347061,2.907879344,0,Nov,1,1,1,10,Returning_Visitor,FALSE
1,34.5,0,0,40,1473.658333,0,0.031153846,0,0,Nov,1,1,8,10,Returning_Visitor,TRUE
5,242.125,3,176,10,225.8333333,0,0.024509804,0,0,Nov,2,2,7,2,Returning_Visitor,FALSE
0,0,0,0,5,124,0,0.06,0,0,Nov,1,1,3,11,Returning_Visitor,FALSE
0,0,0,0,1,0,0.2,0.2,0,0,Dec,3,2,3,2,Returning_Visitor,FALSE
0,0,0,0,4,54,0,0.066666667,0,0,Dec,1,1,2,2,Returning_Visitor,TRUE
1,29.33333333,0,0,6,330.4166667,0,0.023809524,0,0,Dec,3,3,4,8,New_Visitor,FALSE
1,28.5,2,44.5,12,445.5,0.00625,0.022916667,0,0,Nov,3,2,1,8,New_Visitor,FALSE
0,0,0,0,8,93,0,0.05,0,0,Dec,2,5,3,1,Returning_Visitor,FALSE
0,0,6,129.125,47,1117.642857,0.00754717,0.019339623,0,0,Dec,1,1,1,2,Returning_Visitor,FALSE
1,8,5,358.75,36,991.5,0.014285714,0.031904762,0,0,Dec,1,1,8,2,Returning_Visitor,FALSE
3,107.4285714,0,0,59,1843.187696,0.014385965,0.041993382,5.71562257,0,Dec,2,2,7,7,Returning_Visitor,TRUE
0,0,0,0,11,357,0.018181818,0.036363636,0,0,Dec,2,2,7,2,Returning_Visitor,TRUE
3,33,1,10,45,1142.195833,0,0.024444444,0,0,Dec,2,2,1,2,Returning_Visitor,FALSE
0,0,0,0,1,0,0.2,0.2,0,0,Nov,3,2,9,13,Returning_Visitor,TRUE
5,75.5,0,0,24,1009.95,0.007407407,0.018518519,0,0,Nov,2,4,6,3,Returning_Visitor,FALSE
0,0,0,0,43,907.5083333,0,0.002439024,0,0,Nov,1,1,1,2,New_Visitor,TRUE
1,11.5,0,0,19,887.8,0.008823529,0.032679739,0,0,Nov,3,2,1,3,Returning_Visitor,FALSE
0,0,0,0,1,0,0.2,0.2,0,0,Nov,1,1,5,3,Returning_Visitor,FALSE
0,0,0,0,231,11246.13379,0.001746725,0.010029112,0,0,Nov,2,2,3,2,Returning_Visitor,TRUE
0,0,0,0,7,248,0.057142857,0.080952381,0,0,Nov,3,2,3,13,Returning_Visitor,FALSE
5,145,2,349,33,2161.133333,0.012820513,0.044786325,16.58165201,0,Nov,2,2,7,1,Returning_Visitor,FALSE
1,8,1,47.5,46,689.0606061,0.002272727,0.012062937,1.125146064,0,Nov,2,2,2,11,Returning_Visitor,TRUE
0,0,0,0,18,323.6833333,0,0.005208333,0,0,Dec,3,2,2,1,Returning_Visitor,FALSE
0,0,0,0,2,0,0.1,0.15,0,0,Nov,2,2,1,13,Returning_Visitor,FALSE
1,9,0,0,13,858.8333333,0.014285714,0.051190476,0,0,Nov,1,1,6,11,Returning_Visitor,FALSE
0,0,0,0,11,191,0.036363636,0.036363636,0,0,Dec,1,1,8,2,Returning_Visitor,FALSE
0,0,0,0,1,343,0,0.066666667,0,0,Nov,2,2,4,3,Other,FALSE
4,31,4,106,27,825.1401515,0.006896552,0.025517241,0,0,Nov,2,2,3,2,Returning_Visitor,TRUE
0,0,0,0,6,172.2083333,0.033333333,0.044444444,0,0,Dec,3,2,6,2,New_Visitor,FALSE
0,0,0,0,4,95,0,0.05,0,0,Dec,8,13,9,20,Other,FALSE
0,0,0,0,1,0,0.2,0.2,0,0,Dec,2,2,1,1,Returning_Visitor,TRUE
1,11,0,0,59,4165.13869,0.008333333,0.017458333,0,0,Nov,3,2,3,10,Returning_Visitor,FALSE
0,0,2,1494.5,109,3339.07598,0.008181818,0.014582448,0,0,Nov,2,2,4,8,Returning_Visitor,TRUE
4,406,0,0,55,2570.42619,0.003508772,0.017278044,0,0,Nov,3,2,4,2,Returning_Visitor,TRUE
4,33,0,0,3,20,0,0.04,0,0,Nov,2,2,6,2,Returning_Visitor,FALSE
1,17,0,0,21,602.9166667,0.026666667,0.0425,0,0,Nov,3,2,1,13,Returning_Visitor,FALSE
1,59.5,0,0,20,646.1666667,0,0.025333333,0,0,Dec,2,2,9,3,Returning_Visitor,FALSE
6,283.0166667,1,235.75,21,1338.933333,0,0.008695652,0,0,Dec,2,2,7,1,Returning_Visitor,FALSE
0,0,0,0,18,542.9333333,0,0.009259259,0,0,Nov,3,2,1,11,New_Visitor,FALSE
0,0,0,0,39,2034.466667,0.005128205,0.015555556,0,0,Nov,2,2,1,2,Returning_Visitor,TRUE
0,0,0,0,19,696.875,0.010526316,0.035087719,0,0,Dec,1,2,4,2,Returning_Visitor,FALSE
0,0,0,0,10,83.41666667,0,0.022222222,0,0,Nov,1,1,1,2,Returning_Visitor,TRUE
6,190.4166667,0,0,78,3913.98703,0.005424955,0.006561181,0,0,Nov,3,2,5,1,Returning_Visitor,TRUE
0,0,2,889.5,30,784.0833333,0.025,0.046875,0,0,Dec,2,2,6,13,Returning_Visitor,FALSE
8,335.0636364,3,738.0833333,36,2228.707287,0.005853659,0.010086083,27.79149135,0,Dec,1,1,3,2,New_Visitor,FALSE
4,33,0,0,35,702.9166667,0,0.005428571,0,0,Dec,4,1,1,2,New_Visitor,FALSE
0,0,0,0,3,60,0,0.066666667,0,0,Dec,1,1,7,2,Other,FALSE
0,0,0,0,14,404.3392857,0,0.033333333,0,0,Dec,1,8,3,20,Returning_Visitor,TRUE
2,389.5,0,0,8,117.625,0,0.013,0,0,Nov,1,1,8,2,Returning_Visitor,FALSE
0,0,0,0,1,0,0.2,0.2,0,0,Dec,3,2,1,1,Other,FALSE
2,26.75,0,0,103,2546.856685,0.014920635,0.025223356,0,0,Nov,3,2,1,1,Returning_Visitor,FALSE
8,46.875,3,10,111,5358.375439,0,0.011957672,10.21771151,0,Nov,2,2,1,11,Returning_Visitor,FALSE
3,37,0,0,21,1231.5,0,0.016,0,0,Nov,2,4,9,8,New_Visitor,TRUE
0,0,0,0,48,755.175,0.000472813,0.026312057,13.18501,0,Dec,2,2,4,10,Returning_Visitor,FALSE
1,14,0,0,7,170.75,0,0.025,0,0,Nov,1,1,1,2,New_Visitor,FALSE
7,177.25,0,0,13,297.8333333,0,0.021428571,0,0,Nov,1,2,3,2,New_Visitor,TRUE
2,26,0,0,38,1689.708333,0.0125,0.0295,0,0,Nov,2,2,1,13,Returning_Visitor,FALSE
10,218.4027778,0,0,27,897.7837302,0.006060606,0.019805195,48.92856443,0,Dec,2,2,1,3,Returning_Visitor,FALSE
8,109.5714286,0,0,374,12499.37711,0.00198939,0.010782459,6.420746096,0,Nov,2,2,2,2,Returning_Visitor,TRUE
0,0,0,0,7,66.5,0.057142857,0.114285714,0,0,Nov,2,2,3,13,Returning_Visitor,FALSE
0,0,0,0,14,599.5833333,0,0.016326531,0,0,Nov,2,2,1,20,Returning_Visitor,FALSE
5,262.1212121,1,0,117,7468.860173,0.012900188,0.020948132,3.014025584,0,Nov,3,2,1,2,Returning_Visitor,FALSE
0,0,0,0,6,47.25,0,0.033333333,0,0,Dec,2,5,1,1,Returning_Visitor,FALSE
8,117.5,0,0,8,104.5,0,0.016666667,0,0,Nov,1,1,2,2,Returning_Visitor,TRUE
0,0,0,0,222,8068.742154,0.008325792,0.02329814,4.789722625,0,Nov,2,2,2,1,Returning_Visitor,TRUE
0,0,0,0,8,160.25,0.0125,0.075,0,0,Nov,3,2,1,6,Returning_Visitor,FALSE
3,171.75,3,264.1,49,1435.772114,0.01509434,0.013579188,0,0,Nov,1,1,1,2,Returning_Visitor,FALSE
0,0,0,0,15,267.7333333,0.022857143,0.040606061,0,0,Nov,3,2,3,11,Returning_Visitor,TRUE
4,181.5,0,0,34,2265.571429,0,0.018018018,28.11367347,0,Nov,4,1,3,1,Returning_Visitor,TRUE
0,0,0,0,7,649.5,0.028571429,0.057142857,0,0,Dec,2,2,4,2,New_Visitor,FALSE
0,0,0,0,4,107.25,0,0.025,0,0,Dec,2,2,1,3,Returning_Visitor,FALSE
0,0,0,0,2,29,0,0.05,0,0,Nov,1,1,3,3,Returning_Visitor,FALSE
6,57.25,0,0,36,1930.410714,0.0125,0.018083333,21.39566828,0,Nov,1,1,1,2,Returning_Visitor,FALSE
4,101.75,2,65.5,37,1307.472222,0.011149826,0.027235772,0,0,Nov,3,2,3,2,Returning_Visitor,FALSE
0,0,0,0,13,215.952381,0,0.018181818,0,0,Nov,3,2,6,2,New_Visitor,FALSE
5,187.875,1,32.5,34,2719.525974,0.016447876,0.029992691,3.222261703,0,Nov,3,2,3,2,Returning_Visitor,FALSE
3,28.125,0,0,50,1032.008333,0.008,0.014133333,0,0,Nov,2,2,1,2,Returning_Visitor,TRUE
0,0,0,0,4,160.5,0,0.05,0,0,Nov,1,1,1,3,Returning_Visitor,FALSE
0,0,0,0,7,432,0,0.014285714,270.7846931,0,Nov,2,4,1,8,New_Visitor,FALSE
0,0,4,117.25,96,5286.208333,0.011,0.024119048,0,0,Nov,2,2,1,1,Returning_Visitor,TRUE
0,0,1,0,41,446.4166667,0,0.027509158,0,0,Nov,2,2,1,2,Returning_Visitor,FALSE
4,152,0,0,2,44.5,0,0.02,0,0,Dec,1,1,2,2,New_Visitor,FALSE
1,150.5,0,0,18,635.3333333,0,0.011764706,57.5907585,0,Nov,2,2,1,2,New_Visitor,TRUE
14,524.95,2,248.3333333,133,5948.998311,0.005957447,0.008289956,0,0,Dec,1,1,1,10,Returning_Visitor,FALSE
0,0,0,0,7,228.5,0.028571429,0.023809524,0,0,Dec,3,2,6,1,Returning_Visitor,FALSE
1,153.5,0,0,20,1002.847222,0,0.00952381,41.13433129,0,Nov,2,2,4,2,Returning_Visitor,FALSE
1,64.5,0,0,41,961.25,0.0025,0.020714286,0,0,Dec,2,2,1,2,New_Visitor,FALSE
0,0,0,0,14,124.75,0,0.028571429,0,0,Dec,4,6,4,2,Returning_Visitor,FALSE
4,148.25,0,0,7,179.9583333,0,0.005,0,0,Nov,2,2,1,8,New_Visitor,TRUE
0,0,1,36.5,40,1121.416667,0,0.022195122,0,0,Nov,2,2,3,2,Returning_Visitor,FALSE
5,129.625,1,15,25,389.4107143,0.007692308,0.014102564,0,0,Dec,3,2,1,2,Returning_Visitor,TRUE
0,0,0,0,1,0,0.2,0.2,0,0,Dec,1,1,4,1,Returning_Visitor,TRUE
1,44.5,1,66.5,8,568.25,0.018181818,0.033333333,26.45046371,0,Nov,1,1,2,7,Returning_Visitor,FALSE
4,80,0,0,17,442.1666667,0,0.010526316,0,0,Nov,2,2,6,2,New_Visitor,TRUE
0,0,0,0,30,1254.295238,0.006666667,0.014666667,0,0,Nov,1,1,3,2,Returning_Visitor,TRUE
0,0,0,0,38,3779.444444,0,0.02814992,0,0,Dec,3,2,1,2,Returning_Visitor,FALSE
9,76.54166667,0,0,6,64.20833333,0,0.02,0,0,Nov,3,2,3,10,Returning_Visitor,TRUE
0,0,0,0,13,443,0.030769231,0.053846154,0,0,Nov,2,5,1,1,Returning_Visitor,FALSE
0,0,0,0,12,247,0,0.016666667,0,0,Dec,8,1,3,1,Returning_Visitor,TRUE
0,0,0,0,3,131,0,0.033333333,0,0,Nov,1,8,4,6,New_Visitor,FALSE
12,483.3333333,1,0,5,161.3333333,0,0.016666667,0,0,Dec,1,1,3,2,Returning_Visitor,TRUE
0,0,0,0,21,331.0833333,0.00952381,0.042857143,0,0,Dec,2,2,1,2,Returning_Visitor,FALSE
1,90,0,0,6,677,0,0.04,0,0,Dec,8,13,9,20,Other,FALSE
1,14.75,0,0,38,609.3488095,0,0.005263158,0,0,Dec,2,2,1,2,New_Visitor,FALSE
1,20,0,0,30,1038.791667,0.006666667,0.026666667,0,0,Nov,3,2,1,2,Returning_Visitor,FALSE
0,0,0,0,7,331,0,0.014285714,0,0,Nov,1,1,7,10,Returning_Visitor,TRUE
5,85.25,0,0,3,36.25,0,0.00952381,0,0,Nov,2,4,4,2,Returning_Visitor,FALSE
12,275.5166667,2,288.375,60,1276.594048,0,0.00952381,5.45243266,0,Nov,4,1,1,2,Returning_Visitor,FALSE
0,0,0,0,23,966.3583333,0,0.004081633,0,0,Nov,3,2,7,2,Returning_Visitor,FALSE
5,105.5,0,0,32,1403.541667,0,0.00125,0,0,Dec,8,13,9,20,Other,FALSE
1,10,0,0,30,602.5,0.009677419,0.014910394,0,0,Dec,2,2,2,10,Returning_Visitor,FALSE
0,0,0,0,1,0,0.2,0.2,0,0,Nov,2,10,3,1,Returning_Visitor,FALSE
7,91.25,1,0,95,2900.791667,0.003960396,0.023267327,4.48567854,0,Nov,2,2,1,2,Returning_Visitor,TRUE
7,441.8333333,3,102.5,231,9230.890838,0.006458333,0.021838687,0,0,Nov,3,2,1,2,Returning_Visitor,TRUE
4,28,3,37.83333333,378,12003.31758,0.003655352,0.023352993,0,0,Nov,2,2,1,2,Returning_Visitor,FALSE
0,0,0,0,7,278.75,0.028571429,0.042857143,0,0,Dec,3,2,1,20,New_Visitor,FALSE
0,0,0,0,3,44.5,0.066666667,0.133333333,0,0,Dec,2,2,9,3,Returning_Visitor,FALSE
3,109,0,0,31,3116.5,0,0.005208333,0,0,Dec,3,2,1,10,Returning_Visitor,FALSE
0,0,0,0,2,25.5,0,0.1,0,0,Dec,1,1,1,3,Returning_Visitor,FALSE
9,1294.9,1,32.66666667,37,1012.233333,0,0.006910299,33.31220592,0,Nov,2,2,1,2,Returning_Visitor,FALSE
2,698.5,0,0,41,1053.841565,0.002990033,0.014327278,0,0,Nov,2,5,6,1,Returning_Visitor,TRUE
0,0,0,0,7,389.1666667,0,0.021428571,0,0,Nov,3,2,3,2,Returning_Visitor,TRUE
4,17.5,3,171,6,101,0.02,0.03,0,0,Nov,1,2,1,8,New_Visitor,TRUE
5,116,0,0,31,1350.258333,0.012903226,0.023870968,0,0,Dec,3,2,8,2,Returning_Visitor,FALSE
8,108.5,0,0,53,1287.852778,0.003389831,0.027514124,0,0,Dec,2,2,1,2,Returning_Visitor,FALSE
6,243.75,0,0,8,171.25,0.038888889,0.067222222,0,0,Dec,3,2,3,1,Returning_Visitor,FALSE
0,0,1,5,9,279,0.04,0.041666667,0,0,Nov,3,2,7,8,New_Visitor,TRUE
0,0,2,21,12,144.5,0.014285714,0.05,0,0,Dec,2,2,2,1,Returning_Visitor,FALSE
0,0,3,33.75,9,313.9285714,0.033333333,0.027777778,0,0,Dec,3,2,2,10,Returning_Visitor,FALSE
3,54,0,0,20,262.9,0.008333333,0.055555556,0,0,Dec,2,2,1,2,Returning_Visitor,FALSE
0,0,0,0,6,0,0.2,0.2,0,0,Nov,1,8,4,1,Returning_Visitor,FALSE
